group,seam,n_crops,n_overlap,factor,median_abs_rel,p90_abs_rel,mean_signed_rel
g1,p02,5,27,1.0152439024390243,0.015243902439024293,0.043658536585366024,0.0019331613365252936
g1,p03,5,26,1.0152439024390243,0.0,0.0,0.0
g1,p04,5,28,1.0166432737725033,0.001378359751895202,0.0013783597518952674,-0.0007504207747882359
g1,p05,5,26,1.0171573824322153,0.0005056922845751928,0.0005056922845752799,0.00019174217930239762
g1,p06,5,27,0.5624580290890231,0.026945219300848647,0.05567095970087233,-9.215907617715415e-05
g1,p07,5,27,0.5628567296927645,0.0007088539644231124,0.0007088539644232144,-0.0006968483514524668
g1,p08,5,27,0.9487658966681026,0.016718209341669697,0.03730826267252416,0.01426049248163696
g1,p09,5,27,0.9487734834747468,7.996500159598797e-06,7.996500159732532e-06,0.0047938431273570874
g1,p10,5,27,0.90351815251836,0.04769877293645015,0.07814103206837615,0.000428229636882145
g1,p11,5,27,0.9038073836029933,0.00032011651766721466,0.0003201165176672651,0.00027099547903700093
g1,p12,5,27,1.1412820469848848,0.017861736443289977,0.07372508039985169,-0.0013142940226534559
g1,p13,5,27,1.1416761574723657,0.0003453226032269017,0.00034532260322703143,-5.482325377344482e-05
g1,p14,5,27,1.1148795184839515,0.023471313483274643,0.05710937533418956,0.0021786113604443927
g1,p15,5,26,1.1148795184839515,0.0,0.0,0.0
g1,p16,5,28,1.1282313690047174,0.01197604790419173,0.023018736720108072,0.0013827927589986646
g1,p17,5,27,1.1279107413764315,0.0002841860606736243,0.0002841860606736963,0.00015924521630101426
g1,p18,5,27,0.8283777596386168,0.020752583515350916,0.053856743454908006,-0.0002947182049188389
g1,p19,5,27,0.8283232355002318,6.582037935061448e-05,6.582037935071518e-05,-0.00016684982080789127
g10,p02,5,27,1.0140237324703345,0.014023732470334505,0.04336569579288048,0.0020455202624939358
g10,p03,4,26,1.0140237324703347,2.2096444596683698e-16,2.502557431799441e-16,2.2598478926857147e-16
g10,p04,4,28,1.0149812619627523,0.0009442870632671077,0.0009442870632671078,0.0005187155126449789
g10,p05,4,26,1.0156926094370904,0.0007008478885240767,0.0007008478885240767,0.000278563047816646
g10,p06,5,27,0.564210887634456,0.031631233856546766,0.07417709782104778,-0.033180510661055776
g10,p07,5,27,0.5639875055484168,0.0003959194885015473,0.00039591948850159855,-0.0013457793538818857
g10,p08,5,27,0.9485556463812451,0.03458930767287082,0.08261444828974546,0.03359242952576581
g10,p09,5,27,0.9486793688380252,0.00013043247093837262,0.00013043247093837262,0.005267954888203865
g10,p10,5,27,0.893941874533936,0.05769862411062385,0.06681977198904375,-0.008110551566843899
g10,p11,5,27,0.8943710579489391,0.0004801021489533035,0.00048010214895332834,-5.8053306596923076e-05
g10,p12,5,27,1.1452858810893811,0.06712408952113687,0.09761334922174077,-0.0075115495396264375
g10,p13,5,27,1.1458230045079152,0.00046898632682275285,0.00046898632682288214,-0.0006798640735679361
g10,p14,5,27,1.1065930846180578,0.034237329618552234,0.11292650586814465,0.0026691736745175945
g10,p15,5,26,1.1065930846180578,0.0,0.0,0.0
g10,p16,5,28,1.1323056605945532,0.0232358003442341,0.028733807410091454,0.00509222903313348
g10,p17,5,27,1.1323062954729723,5.606952621227114e-07,5.606952621227114e-07,0.0005316016497750231
g10,p18,5,27,0.826070628239879,0.027270705176319354,0.09432045667664085,0.004854542624217885
g10,p19,5,27,0.8258962384372044,0.00021110761805706908,0.00021110761805706908,0.0006572341956766856
g11,p02,5,27,1.0119189511323003,0.011918951132300317,0.011918951132300393,0.0007359927430813484
g11,p03,5,26,1.0119189511323003,0.0,0.0,0.0
g11,p04,4,28,1.0129349340149632,0.0010040160642569046,0.0010040160642569745,0.000578419118651352
g11,p05,5,26,1.013669573696647,0.0007252585107041312,0.0007252585107042033,0.0003892396510088458
g11,p06,5,27,0.5605129415312563,0.0444692183822617,0.08940914158305474,0.016545056306440802
g11,p07,5,27,0.560413984868783,0.00017654661496832474,0.00017654661496840587,0.0010860577869216382
g11,p08,5,27,0.9428596430019555,0.018580061761687944,0.07530741124607199,0.012990141886910143
g11,p09,5,27,0.943074036607523,0.0002273865544662906,0.00022738655446635742,-0.00017325937564191142
g11,p10,5,27,0.8898376815923609,0.05644981512444856,0.061493957984995296,-0.001550104481867872
g11,p11,5,27,0.8907111682241085,0.0009816246825875893,0.0009816246825876233,-0.0008069823330157955
g11,p12,5,27,1.1336729387596125,0.045420407420130135,0.10003934002061192,0.027006450634438416
g11,p13,5,27,1.134117819340503,0.0003924240984152772,0.00039242409841535,0.0029330385990987175
g11,p14,5,27,1.0981758077338235,0.03169160293026703,0.03169160293026703,-0.005688655331843448
g11,p15,5,26,1.0981758077338235,0.0,0.0,0.0
g11,p16,5,28,1.132027101897876,0.03082502266545779,0.14097914777878526,-0.009524694019394346
g11,p17,5,27,1.1325711453398284,0.00048059224115770124,0.0004805922411577797,-0.001255810058026784
g11,p18,5,27,0.8260432043357578,0.02158374488669201,0.12477741528062342,0.009298775121068586
g11,p19,5,27,0.8259779825709677,7.895684444571673e-05,7.895684444577431e-05,0.00041923283241228983
g12,p02,4,27,1.017037037037037,0.017037037037037014,0.030568424662479304,0.005421842279245089
g12,p03,5,26,1.017037037037037,0.0,0.0,0.0
g12,p04,5,28,1.0193579796135708,0.002282062984938564,0.00228206298493859,0.0014078835591705247
g12,p05,4,26,1.0203094697652784,0.0009334210068854391,0.0009334210068855033,0.0004011538101001118
g12,p06,4,27,0.5676809243930068,0.03311792374292372,0.06146686646686651,-0.026766495060783824
g12,p07,5,27,0.5676918932830824,1.9322280535334897e-05,1.932228053534994e-05,0.0005749625021178525
g12,p08,4,27,0.9615027355519953,0.01622314526080828,0.05276690385823926,-0.007017410392271161
g12,p09,4,27,0.9615443589515054,4.328994392948686e-05,4.328994392960093e-05,-0.001421060137020781
g12,p10,4,27,0.9051502025027865,0.03620578603881761,0.04248745243644272,-0.016349240576573002
g12,p11,5,27,0.9059420238323875,0.0008747955062171626,0.0008747955062172197,-0.0003117994932162766
g12,p12,5,27,1.1501630161241452,0.04781736645356617,0.09315939662244409,0.10253798873719651
g12,p13,5,27,1.1501244938196467,3.349290836036133e-05,3.3492908360388905e-05,0.0036993066344099177
g12,p14,5,27,1.110686425855807,0.03429026003338393,0.03429026003338393,-0.003109584889416166
g12,p15,5,26,1.1106864258558071,1.999165558847461e-16,2.5097216861838893e-16,2.087583818005459e-16
g12,p16,5,28,1.1342631858076384,0.02122719734660023,0.021878950657341485,0.009993348290103446
g12,p17,5,27,1.1347419712988223,0.00042211146158546925,0.0004221114615855204,0.0004312237342413896
g12,p18,5,27,0.8345694753950132,0.01937239595269106,0.05067243290783111,-0.07080143743495232
g12,p19,5,27,0.8345824979158366,1.5603878655152522e-05,1.5603878655224736e-05,-0.0041176448654905926
g13,p02,5,27,1.0171821305841924,0.01718213058419238,0.052260111022997706,0.0026118276374500525
g13,p03,5,26,1.0171821305841924,0.0,0.0,0.0
g13,p04,5,28,1.0181696860507787,0.0009708737864075305,0.0009708737864076178,0.0006304075028067246
g13,p05,5,26,1.0189055262518218,0.0007227088088796389,0.0007227088088796389,0.0003931561119995427
g13,p06,5,27,0.5655283600039386,0.0749414519906323,0.11081967213114757,0.0013632119966934426
g13,p07,5,27,0.5656920377874938,0.0002894245366475591,0.0002894245366475591,-0.00022864009395557857
g13,p08,5,27,0.9542839558763394,0.054332450489190574,0.12462128052180341,0.003181243742361388
g13,p09,5,27,0.9548687554181511,0.0006128150203202797,0.000612815020320303,-0.0007418605217227855
g13,p10,5,27,0.903804951162126,0.05347730142627137,0.1168967843169998,-0.001423827215470334
g13,p11,5,27,0.9046866656493834,0.0009755583725489192,0.0009755583725489192,-0.0007018790360359894
g13,p12,5,27,1.1610936938419907,0.026736648546540582,0.107716960191697,0.0011344578306332065
g13,p13,5,27,1.1620138416542665,0.0007924836877126337,0.0007924836877126974,-0.0005933314650753441
g13,p14,5,27,1.1174720286627295,0.03833156834700548,0.10820838314297465,0.0035352498231681117
g13,p15,5,26,1.1174720286627293,1.987026066243022e-16,2.6493680883240294e-16,-1.9827539650376943e-16
g13,p16,5,28,1.1405412282635288,0.020644095788604388,0.03377374071015704,0.004004542447267802
g13,p17,5,27,1.1405626051280235,1.874273718918269e-05,1.874273718924758e-05,0.00045463719349383557
g13,p18,5,27,0.8335720419142045,0.02554284681796503,0.09626429732978932,0.0045455844277737445
g13,p19,5,27,0.833548962663169,2.7687170244448643e-05,2.7687170244482466e-05,5.893547481795316e-06
g14,p02,5,27,1.0216535433070866,0.021653543307086576,0.05132170978627672,0.005815600216501546
g14,p03,4,26,1.0216535433070866,0.0,0.0,0.0
g14,p04,4,28,1.025131512816217,0.0034042553191489145,0.003404255319148994,0.0013138297872340218
g14,p05,5,26,1.0257204361005872,0.000574485592343392,0.0005744855923434161,0.000311533588180239
g14,p06,4,27,0.5685763519667272,0.03164929635517881,0.06049637873167284,0.004207533129589335
g14,p07,4,27,0.5685279322083862,8.515964157414756e-05,8.515964157420764e-05,0.002821720695583187
g14,p08,4,27,0.9595194703392125,0.015493066704681018,0.05174247803242914,0.0057133195835059715
g14,p09,4,27,0.959195018293736,0.00033814013733539475,0.0003381401373354745,0.0020523749216345235
g14,p10,4,27,0.9031653149327501,0.03599452314981224,0.0491833101120492,0.015050172086850116
g14,p11,5,27,0.9038265260778844,0.0007321042274342902,0.0007321042274342902,-0.00034746428669598197
g14,p12,5,27,1.1487116082884363,0.04679307216738252,0.09218387825465017,0.034121521382803034
g14,p13,5,27,1.1487088115300452,2.4346915021311606e-06,2.4346915021311606e-06,0.0032872124851097396
g14,p14,5,27,1.1051024037908432,0.03796123726179099,0.03796123726179099,0.0008237064565060405
g14,p15,5,26,1.132122022465436,0.02444987775061129,0.06385179612563474,0.014450689052404684
g14,p16,5,28,1.149661543450299,0.015492606483059989,0.03528202384109313,0.005084147446695138
g14,p17,5,27,1.1503388285862357,0.0005891169795103771,0.006789810355748823,0.0004601336031653357
g14,p18,5,27,0.8194056582304508,0.020564418005814183,0.057536642619027537,-0.003565607556470329
g14,p19,5,27,0.8508612533683411,0.038388305989758856,0.03838830598975893,0.008746972347572466
g15,p02,5,27,1.0216934919524143,0.021693491952414323,0.056898315120848315,8.677630598660657e-05
g15,p03,4,26,1.0216934919524143,0.0,0.0,0.0
g15,p04,4,28,1.0231324968706572,0.0014084507042254352,0.0014084507042254682,0.0004859514228227257
g15,p05,4,26,1.0236829773695515,0.0005380344193718631,0.0005380344193719013,0.00013346769364509342
g15,p06,4,27,0.5687589269557288,0.02946367079889808,0.04471262368583797,0.00017256296914500494
g15,p07,5,27,0.5807970175154936,0.021165541302706998,0.03890301995039342,-0.016214996042554684
g15,p08,5,27,0.9635760005428146,0.016503782050862736,0.042826074055364156,-0.0008066193907575308
g15,p09,5,27,0.9634135264345327,0.00016861576895886628,0.00016861576895890723,-0.00010721631862691138
g15,p10,5,27,0.9069077038943297,0.01382557026334514,0.05865168070592037,-0.0012630900459673817
g15,p11,5,27,0.9072229113893008,0.0003475629257724061,0.0003475629257724061,-8.728855489698712e-05
g15,p12,5,27,1.1555057302797656,0.009365098892625491,0.03881377080267067,-0.00036723262000755777
g15,p13,5,27,1.1555917784060015,7.44679355376994e-05,7.44679355377848e-05,-0.00022201105454588036
g15,p14,5,27,1.1102243048686444,0.03925908299549863,0.040802660088209736,0.0019151457261937601
g15,p15,5,26,1.1102243048686444,0.0,0.0,0.0
g15,p16,5,28,1.1362451870140031,0.02343749999999988,0.0349609375,0.0018863958974505476
g15,p17,5,27,1.136773472742224,0.00046493990404415235,0.0004649399040442392,6.82093046781939e-05
g15,p18,5,27,0.8312767160291563,0.023763687617929168,0.04410505855739544,0.0005698990299816623
g15,p19,5,27,0.8312166088725198,7.230703744915716e-05,7.230703744920552e-05,-0.00015299096278520777
g2,p02,5,27,1.0,0.0,0.0,0.0
g2,p03,5,26,0.6073394495412844,0.01599329569513057,0.0437100361412288,0.018687544995839217
g2,p04,5,28,0.6071285378179337,0.0003472715686589046,0.00034727156865897106,-0.0003455286577101679
g2,p05,5,26,0.4869832261825864,0.010063106040761433,0.025463775782540273,0.0024580109465972217
g2,p06,5,27,0.42133357597286153,0.011210117849956715,0.03867650346523567,0.0048597465459638434
g2,p07,5,27,0.2698983023733894,0.012437555686812127,0.05699397961515941,-0.002204730716655889
g2,p08,5,27,0.4567778245221231,0.015444307367734757,0.06295304895499941,0.0017841077000299067
g2,p09,5,27,0.4566434776982683,0.0002941185334366386,0.00029411853343668844,0.004912943757699905
g2,p10,5,27,0.4336636068998314,0.0360107923758626,0.05032344032212601,-0.003887032827374122
g2,p11,5,27,0.43366832942304556,1.0889830594528191e-05,1.0889830594598012e-05,-0.00036348511056421396
g2,p12,5,27,0.5479238239167595,0.033742332703361015,0.06462898024122662,-0.0008918582515813473
g2,p13,5,27,0.5484875669682115,0.0010288712168457536,0.0010288712168457536,-0.0027413667405967353
g2,p14,5,27,0.5333147521049569,0.027663006013286674,0.028411118708227153,-0.0020459714705396608
g2,p15,5,26,0.5333147521049569,0.0,0.0,0.0
g2,p16,5,28,0.53730641557968,0.0074846297781341956,0.007484629778134288,0.0025156698592373595
g2,p17,5,27,0.5371853449044356,0.00022532892169869714,0.00022532892169869714,-3.6120839334511413e-06
g2,p18,5,27,0.3954682975204379,0.030660314508593828,0.05347522136965873,-0.042848788999765054
g2,p19,5,27,0.3953970142287655,0.00018025033136493594,0.0001802503313650295,-0.003298667523938775
g3,p02,5,27,1.0172910662824208,0.017291066282420862,0.04414985590778116,-0.00014542412401242574
g3,p03,5,26,1.0172910662824208,0.0,0.0,0.0
g3,p04,5,28,1.017870059490322,0.0005691519635742423,0.0005691519635743664,0.0002288223200492316
g3,p05,5,26,1.0183840450662764,0.000504961877169083,0.0005049618771691629,0.00016016947128596679
g3,p06,5,27,0.5630025359554099,0.026701216764308294,0.08943217665615154,0.0007276817283188757
g3,p07,5,27,0.5627244701380504,0.0004938979837590154,0.0004938979837590591,-4.661932875492263e-05
g3,p08,5,27,0.9491015820619215,0.016139125067195687,0.03791916476427699,-0.0025289578388949545
g3,p09,5,27,0.9491746472004489,7.698347564504702e-05,7.698347564507043e-05,-0.0002442470327097646
g3,p10,5,27,0.9019177659937133,0.04978734034470652,0.06898924211220504,0.000853487850682322
g3,p11,5,27,0.9017453236744146,0.00019119516856251333,0.0001911951685625872,-0.00010842684939288728
g3,p12,5,27,1.1347681617172494,0.05619014710274488,0.10111149504679769,0.0008556569818269875
g3,p13,5,27,1.1350934741797976,0.00028667746727747143,0.00028667746727753355,-0.00060353386925886
g3,p14,5,27,1.1077931063375976,0.024051206762444627,0.06057874382320656,0.001573827596512005
g3,p15,5,26,1.1077931063375979,1.7816772917833484e-16,2.004386953256267e-16,1.8100835721189792e-16
g3,p16,2,28,1.1134235668526555,0.0050825921219822025,0.02247389646980837,0.0016055647585346455
g3,p17,5,27,1.1133474452593919,6.836714753471579e-05,6.836714753482514e-05,6.925365645378236e-06
g3,p18,5,27,0.8178181186549623,0.028381006299604494,0.055568463602404,0.002127822057600187
g3,p19,5,27,0.817634140933788,0.00022496165953990346,0.00022496165954001207,0.00034318454619843735
g4,p02,5,27,1.0155038759689923,0.015503875968992276,0.021301423239407712,0.003024047268749725
g4,p03,5,26,1.0155038759689923,0.0,0.0,0.0
g4,p04,5,28,1.0171750288093142,0.0016456390565002307,0.0016456390565002962,-0.0003193469645942432
g4,p05,5,26,1.0176290044936178,0.00044631029217755385,0.00044631029217759717,0.0001425654335736101
g4,p06,5,27,0.5633671022854081,0.03801416048550233,0.08927848954821314,0.006109017810568123
g4,p07,5,27,0.563560233787491,0.0003428164358540157,0.00034281643585408423,-0.001318363456126957
g4,p08,5,27,0.9518834834581338,0.014718690105520784,0.06163684771954376,-0.0010263366160686688
g4,p09,5,27,0.9521979570886218,0.0003303698781972063,0.00033036987819728053,-0.0002541024216368722
g4,p10,5,27,0.9040881231602672,0.0505250337602614,0.07494130106427546,0.0038088922714125846
g4,p11,5,27,0.90398056947616,0.00011896371753148686,0.00011896371753159601,0.00017587375261349908
g4,p12,5,27,1.1461546803687563,0.014317979009599071,0.09435894731285799,-0.005342230519366084
g4,p13,5,27,1.147121674505679,0.0008436855456642948,0.000843685545664358,-0.0012163635602403387
g4,p14,5,27,1.121211069330135,0.022587495076936345,0.022587495076936345,-0.006147282035057119
g4,p15,5,26,1.1212110693301347,1.6723375123278816e-16,2.1852686186498637e-16,-1.7701666949095072e-16
g4,p16,5,28,1.1358177794568953,0.013027618551328944,0.019650691724520393,-0.00038979888412013914
g4,p17,5,27,1.1358811682923051,5.580898323333958e-05,5.580898323336564e-05,0.0002962652352944442
g4,p18,5,27,0.8290424785341144,0.021814167139250072,0.05534322915493813,0.005900822692625032
g4,p19,5,27,0.828920545715606,0.00014707668384372855,0.00014707668384377701,0.00024244388375988692
g5,p02,5,27,0.9939703153988868,0.006029684601113194,0.02581625963322399,2.1785012963454795
g5,p03,5,26,0.9849994641768751,0.009025270758122818,0.00902527075812282,0.0017618441287562392
g5,p04,5,28,0.9852419196153078,0.0002461477871313562,0.0002461477871314689,-7.626265245963726e-05
g5,p05,5,26,0.9451114853459904,0.04073155381470832,0.06585382909476857,0.0019787274664571862
g5,p06,5,27,0.9451114853459907,2.088356614175821e-16,2.6850299325117705e-16,2.1725376124850542e-16
g5,p07,5,27,0.9910169003485102,0.04857142857142862,0.08250000000000005,0.003850501391612524
g5,p08,5,27,0.991786998558488,0.0007770787861508056,0.0007770787861509029,0.00030116627624965614
g5,p09,5,27,1.1657431104657001,0.04479701760339755,0.0685424043671111,-0.0031900381300352027
g5,p10,5,27,1.1665171402136616,0.0006639796890176468,0.0006639796890177612,0.0010916988822941443
g5,p11,5,27,0.9966880874041296,0.03878472105067306,0.13921810838438753,0.0012140018997407764
g5,p12,5,27,0.9968858793873048,0.00019844922967856833,0.00019844922967863517,-0.001064978837053096
g5,p13,5,27,0.9252096054622589,0.07190017975688323,0.07190017975688329,0.005974832472014772
g5,p14,5,27,0.9249325622832252,0.00029943828663060707,0.0002994382866307301,0.0008541073061681225
g5,p15,5,26,0.8960885114843719,0.031185031185031364,0.08991683991683963,0.0012163840042328671
g5,p16,5,28,0.8963838160962143,0.00032954848550990386,0.000329548485510014,-0.00020770404399548763
g5,p17,5,27,0.8886416398949993,0.008637121802279395,0.030052078023248108,0.004918627962663381
g5,p18,5,27,0.8888641399029107,0.0002503821539778701,0.0002503821539780129,-6.959134170508237e-05
g5,p19,5,27,0.957326431841939,0.04264691295016745,0.07702222293106159,0.002088262520331827
g6,p02,5,27,1.0158924205378974,0.01589242053789741,0.04381418092909558,0.0013072145524836531
g6,p03,5,26,1.0158924205378974,0.0,0.0,0.0
g6,p04,5,28,1.0179763024261803,0.0020512820512821293,0.002051282051282207,0.0007023668639053908
g6,p05,5,26,1.018389580680763,0.00040598023116817077,0.00040598023116819723,0.00011770695725539815
g6,p06,5,27,0.5641015456530799,0.01551133932391962,0.048746255883611415,0.0009734842818470591
g6,p07,5,27,0.5640407973399796,0.00010769038583291307,0.000107690385832991,-0.00024395947805226273
g6,p08,5,27,0.9513990484144917,0.016059155899556116,0.054222332964761207,-0.0008839644347579107
g6,p09,5,27,0.9512029460005906,0.00020612004418955489,0.0002061200441896255,-0.0004766774869474033
g6,p10,5,27,0.9035695072724936,0.044915243564779564,0.05751155769571198,-0.0026223175628340293
g6,p11,5,27,0.9033484841146675,0.0002446111295779628,0.0002446111295780762,2.849192646340029e-05
g6,p12,5,27,1.140026854271144,0.032546421238322076,0.06784715358835036,-0.001575276590998031
g6,p13,5,27,1.1399958635739855,2.718418170799973e-05,2.718418170804435e-05,-4.915616418082001e-05
g6,p14,5,27,1.1123438639982044,0.02425622799111724,0.047298315289534286,0.0006293476565979434
g6,p15,5,26,1.1123438639982046,2.1292658345358787e-16,2.6615822931698485e-16,2.136391929161424e-16
g6,p16,5,28,1.127361541864102,0.013500931098696415,0.037174115456238443,0.001435601077864396
g6,p17,5,27,1.1277137910604074,0.00031245450835836516,0.0003124545083584214,0.0002755487287488771
g6,p18,5,27,0.8265695245980984,0.022719498333157954,0.0396216614663892,0.0025554936800796487
g6,p19,5,27,0.8264575227430068,0.00013550203795149033,0.00013550203795156235,0.0004539591542538217
g7,p02,5,27,1.015625,0.015625,0.0234375,0.0034709300404923613
g7,p03,5,26,1.015625,0.0,0.0,0.0
g7,p04,5,28,1.0168198529411765,0.001176470588235333,0.00117647058823539,0.0006426570628251706
g7,p05,5,26,1.0172971844987995,0.00046943571788281676,0.0004694357178828917,0.00014780236341372765
g7,p06,5,27,0.6053132265408355,0.03309081346423554,0.071037868162693,-0.0018814053492603815
g7,p07,5,27,0.5883080733212924,0.028093146612245535,0.05584426345306056,-0.0019981834746042306
g7,p08,5,27,0.9500757786469646,0.027682101840899226,0.07661934478570384,0.002287411480594652
g7,p09,5,27,0.9497306840360958,0.0003632285114774695,0.00036322851147754136,0.0003117769458290333
g7,p10,5,27,0.9031554235425431,0.04904049250638153,0.07662201384098946,-0.001824566612658059
g7,p11,5,27,0.9033695325461217,0.00023706772721229024,0.00023706772721238128,0.00038746147643938574
g7,p12,5,27,1.1465523920580525,0.015356264076364607,0.048103502428408225,-0.0024932420638587886
g7,p13,5,27,1.1467185703021274,0.00014493733145212414,0.0001449373314521887,-6.807504691927542e-05
g7,p14,5,27,1.1221143947773662,0.021456158609412537,0.02145615860941261,-0.003912754744973676
g7,p15,5,26,1.1221143947773664,2.0766818199285704e-16,2.532870941027633e-16,2.0704948842289459e-16
g7,p16,5,28,1.1358686059493057,0.012257405515832655,0.02148450800136174,0.0007038567142008197
g7,p17,5,27,1.1354576607535845,0.0003617893773706508,0.00036178937737065084,9.202436028574697e-05
g7,p18,5,27,0.8316814487417844,0.023381816292106374,0.04779727088480366,-0.0011711968850701298
g7,p19,5,27,0.8316366033168034,5.392139628556058e-05,5.392139628561975e-05,-9.88868867205845e-05
g8,p02,5,27,1.011671529804085,0.011671529804085094,0.04280116715298063,0.0011599261887211
g8,p03,4,26,1.011671529804085,0.0,0.0,0.0
g8,p04,4,28,1.0127204375591956,0.0010368066355625287,0.0010368066355626168,0.00045439173732306844
g8,p05,5,26,1.0132946594323384,0.000567009267164372,0.0005670092671644732,0.0002320410383874801
g8,p06,5,27,0.5620384898666496,0.018670649738610715,0.05016462642465201,-0.0002928190615160278
g8,p07,5,27,0.5619984246275477,7.128557887813777e-05,7.128557887822394e-05,-0.0002367729172017153
g8,p08,5,27,0.9472682090746757,0.025978036661672473,0.05139687313440935,0.000864576588385367
g8,p09,5,27,0.9474572959045272,0.0001996127686331122,0.00019961276863318433,-0.00041914975357427157
g8,p10,5,27,0.9003496280968118,0.04972009610495656,0.052178681616326605,-0.0002522257675281539
g8,p11,5,27,0.9000976897012556,0.0002798228462523218,0.00027982284625242387,-0.0003627215612183177
g8,p12,5,27,1.1433077292514593,0.03925785763405012,0.047346963835454,0.00425777021208582
g8,p13,5,27,1.144262644206648,0.0008352212888596677,0.0008352212888597454,-0.0007679873782041014
g8,p14,5,27,1.1191979543047756,0.021904665007438397,0.04085645232125106,0.0014996867887978578
g8,p15,5,26,1.1191979543047754,1.983961854745894e-16,2.6452824729945253e-16,-2.0633965805390786e-16
g8,p16,5,28,1.1292808187579715,0.00900900900900892,0.009009009009008973,0.00032460106763503493
g8,p17,5,27,1.1289584338967338,0.0002854780280358193,0.0002854780280358193,4.8093717700573785e-05
g8,p18,5,27,0.8314717862219344,0.018007204685695985,0.05213513783675438,-0.02872761831979078
g8,p19,5,27,0.8311407972702944,0.0003980759866115561,0.0003980759866116087,-0.0015293114417015423
g9,p02,5,27,1.013089005235602,0.01308900523560208,0.01308900523560208,0.002282953337651592
g9,p03,5,26,1.013089005235602,0.0,0.0,0.0
g9,p04,5,28,1.0141830538373684,0.0010799136069114556,0.0010799136069114556,0.0007394102349363073
g9,p05,5,26,1.0150068189312784,0.0008122449796347311,0.0008122449796347311,0.0004868200690843147
g9,p06,5,27,0.5638926771840436,0.07407407407407407,0.1111111111111111,-0.00011065967935028281
g9,p07,5,27,0.564057799490686,0.00029282576866760497,0.0002928257686676444,0.0004264761382053894
g9,p08,5,27,0.9561556686331297,0.058256806014002425,0.15243112541260215,0.0013799484099298793
g9,p09,5,27,0.9560008660946926,0.0001619009785911067,0.00016190097859112993,0.0005511651502947017
g9,p10,5,27,0.9099468870393598,0.04817357461553927,0.0482352152674267,0.004309754418297211
g9,p11,5,27,0.9092998077060542,0.0007111176954634225,0.0007111176954634225,0.0030964372290547037
g9,p12,5,27,1.1466845233885627,0.054202601547854716,0.2610631979361937,0.029104982542751633
g9,p13,5,27,1.1482802572128774,0.0013916066640536089,0.0013916066640536089,-0.0024677694061147138
g9,p14,5,27,1.103965126979962,0.03859260834151915,0.03859260834151921,-0.0018169258585920291
g9,p15,5,26,1.103965126979962,0.0,0.0,0.0
g9,p16,5,28,1.1276288715471,0.021435228331779955,0.030442929317702604,0.005894543397209932
g9,p17,5,27,1.1277404345125814,9.89358895435817e-05,9.893588954362108e-05,0.000563914586889466
g9,p18,5,27,0.8209126620632293,0.01909773890943995,0.09189043454582847,0.014251893244776404
g9,p19,5,27,0.8204599601740873,0.0005514616963079186,0.0005514616963079958,0.00131027433768434
