Date,TMAX,TMIN,TAVG,PRCP,PRCP_max,GDD,GDD_accum,freeze_days,heat_days,rain_days,chill_days
2016-01-03,74.32816260967466,60.44814814814814,67.3881553789114,9.358079949366143,4.294003565062386,52.16446613673422,52.16446613673422,0.0,0.0,3.0,0.0
2016-01-10,69.28857822781751,54.128768200735,61.70867321427626,32.31652371002301,10.539704081632651,81.96071249993383,134.12517863666807,0.0,0.0,6.0,0.0
2016-01-17,68.1909916727704,48.77962772357442,58.48530969817241,55.18879098162036,22.040725490196078,59.39716788720686,193.52234652387492,0.0,0.0,4.0,0.0
2016-01-24,63.97946363795619,43.41870181650825,53.699082727232216,23.592814275992687,13.323844594594595,29.392647341266084,222.914993865141,0.0,0.0,3.0,0.0
2016-01-31,69.3108813447105,49.37828380547065,59.34458257509058,60.13812278858665,22.58026245847176,65.41207802563406,288.3270718907751,0.0,0.0,3.0,0.0
2016-02-07,73.44984224382382,54.888382037609624,64.16911214071672,46.68771995119583,20.10675526742301,99.18378498501707,387.5108568757921,0.0,0.0,7.0,0.0
2016-02-14,66.0570214633598,43.19454835963343,54.625784911496616,0.2607536138719498,0.1334955908289219,32.380494380476286,419.8913512562684,0.0,0.0,0.0,0.0
2016-02-21,73.72133748902228,52.60215799616423,63.161747742593256,20.32899209946583,17.10414263074485,92.13223419815276,512.0235854544212,0.0,0.0,2.0,0.0
2016-02-28,72.81499583540119,51.811433258811505,62.31321454710634,18.982354027364277,8.603239530988274,86.19250182974443,598.2160872841656,0.0,0.0,3.0,0.0
2016-03-06,76.2945907521022,52.92858154754543,64.61158614982381,3.171922310435094,2.9810883882149035,102.2811030487667,700.4971903329323,0.0,0.0,1.0,0.0
2016-03-13,79.95055949598832,61.04803132373202,70.49929540986017,1.851782241376671,0.88756766917293,143.49506786902117,843.9922582019535,0.0,0.0,0.0,0.0
2016-03-20,82.99461598031597,65.56181950507366,74.2782177426948,22.081958207542794,7.621727891156461,169.94752419886368,1013.9397824008172,0.0,0.0,4.0,0.0
2016-03-27,77.87557096038589,57.41538195835903,67.64547645937246,36.719498525157164,17.91488562091503,123.51833521560724,1137.4581176164243,0.0,0.0,4.0,0.0
2016-04-03,82.65118529966722,65.66753676496359,74.1593610323154,50.52456392566215,18.89097770154374,169.1155272262078,1306.5736448426321,0.0,0.0,7.0,0.0
2016-04-10,80.40257957878292,57.903361319049786,69.15297044891635,4.572151729964128,2.542178387650084,134.07079314241446,1440.6444379850466,0.0,0.0,2.0,0.0
2016-04-17,80.73763816495777,62.62976982303502,71.68370399399639,21.169437601494828,7.783034602076126,151.7859279579748,1592.4303659430213,0.0,0.0,5.0,0.0
2016-04-24,82.52851789528604,61.45685017359943,71.99268403444273,10.675385369196563,7.877546247818498,153.94878824109912,1746.3791541841206,0.0,0.0,2.0,0.0
2016-05-01,86.32938589284345,67.11700546570829,76.72319567927586,3.8532996558460626,1.1226799999999977,187.06236975493113,1933.4415239390516,0.0,0.0,1.0,0.0
2016-05-08,83.473959335889,62.50594634122519,72.9899528385571,45.9868020245862,28.68631051752921,160.92966986989967,2094.3711938089514,0.0,0.0,3.0,0.0
2016-05-15,87.01963084196917,65.38616899544645,76.20289991870781,1.897509619361101,0.8401902985074621,183.42029943095469,2277.7914932399062,0.0,0.0,0.0,0.0
2016-05-22,88.12077475320697,70.17792229440488,79.14934852380591,79.14687754094241,38.48162356792144,204.04543966664147,2481.8369329065476,0.0,0.0,5.0,0.0
2016-05-29,88.01184349860625,67.78760098649454,77.8997222425504,7.185522152610274,2.3569847908745234,195.29805569785282,2677.1349886044004,0.0,0.0,3.0,0.0
2016-06-05,91.11051492838669,71.91410693179758,81.51231093009213,27.443576273930276,5.653128205128203,220.58617651064495,2897.721165115045,0.0,7.0,7.0,0.0
2016-06-12,89.10026580824407,74.08906662443248,81.59466621633828,113.48577811033908,48.52817862838916,221.16266351436792,3118.883828629413,0.0,2.0,7.0,0.0
2016-06-19,91.7348620962522,74.68617970707534,83.21052090166377,37.411253314262396,12.005971830985915,232.47364631164638,3351.3574749410595,0.0,7.0,7.0,0.0
2016-06-26,90.83311817922596,72.56858315190281,81.7008506655644,14.884877384192052,3.2062138836772966,221.90595465895075,3573.26342960001,0.0,4.0,6.0,0.0
2016-07-03,91.55202285118483,74.55343450123853,83.05272867621169,45.58589556768511,8.727350877192983,231.36910073348176,3804.632530333492,0.0,7.0,7.0,0.0
2016-07-10,94.5285946866193,76.8022035858553,85.6653991362373,12.036026840827805,4.637869402985073,249.6577939536611,4054.290324287153,0.0,7.0,5.0,0.0
2016-07-17,93.37919742912466,74.88216502856979,84.13068122884722,36.09954568709827,8.323763668430335,238.91476860193052,4293.205092889084,0.0,7.0,7.0,0.0
2016-07-24,92.51080454352736,74.74436048451619,83.62758251402178,33.48681697456839,8.26926703499079,235.39307759815242,4528.5981704872365,0.0,7.0,7.0,0.0
2016-07-31,93.31187606428509,75.19504855657983,84.25346231043245,28.188848103483522,5.913025925925923,239.77423617302713,4768.372406660264,0.0,7.0,7.0,0.0
2016-08-07,91.57907093044624,74.91054699555012,83.24480896299818,57.64354080163727,11.470152753108346,232.71366274098722,5001.086069401251,0.0,7.0,7.0,0.0
2016-08-14,90.26462771420911,74.74722116990021,82.50592444205468,79.98204583792678,18.20158762886598,227.54147109438267,5228.627540495633,0.0,4.0,7.0,0.0
2016-08-21,92.45702782195897,75.51247815539107,83.98475298867503,20.745409144653507,4.666291296625221,237.89327092072514,5466.520811416358,0.0,7.0,7.0,0.0
2016-08-28,92.71169459304622,75.79578448474031,84.25373953889326,24.484144448226203,4.913457875457874,239.77617677225282,5706.296988188611,0.0,7.0,7.0,0.0
2016-09-04,88.55782159768545,74.96526366093099,81.76154262930822,120.7304397294347,32.95240661157025,222.3307984051575,5928.627786593768,0.0,1.0,7.0,0.0
2016-09-11,90.08987969640683,73.06954097021013,81.57971033330848,28.49358452096543,13.033996441281138,221.05797233315934,6149.6857589269275,0.0,4.0,6.0,0.0
2016-09-18,90.15976171062233,74.77696349164123,82.46836260113177,36.727976201831815,11.161912605042016,227.27853820792245,6376.96429713485,0.0,5.0,7.0,0.0
2016-09-25,91.3017408187051,73.77165070329207,82.53669576099858,33.647530160221685,10.473996551724136,227.7568703269901,6604.72116746184,0.0,7.0,7.0,0.0
2016-10-02,89.00085832734483,70.60042125463846,79.80063979099165,40.602421787630746,7.248554128440366,208.60447853694154,6813.325645998782,0.0,0.0,7.0,0.0
2016-10-09,87.5653851831762,72.43162119751165,79.99850319034392,71.44778084799394,24.95585474860335,209.98952233240746,7023.31516833119,0.0,0.0,6.0,0.0
2016-10-16,85.07334509317056,67.68378728001788,76.37856618659421,9.983673154965429,6.016762564991334,184.64996330615952,7207.965131637349,0.0,0.0,3.0,0.0
2016-10-23,84.13725372519171,63.94491711046822,74.04108541782996,4.336086227951535,2.1485678571428566,168.28759792480975,7376.2527295621585,0.0,0.0,2.0,0.0
2016-10-30,82.47893921357344,63.48076550530144,72.97985235943744,4.5863148916311385,1.6326581352833631,160.85896651606208,7537.111696078221,0.0,0.0,3.0,0.0
2016-11-06,83.49192083498733,64.03924471452657,73.76558277475695,4.040444822663702,1.0029981718464338,166.35907942329865,7703.47077550152,0.0,0.0,1.0,0.0
2016-11-13,79.31471305944699,58.69480591463746,69.00475948704222,0.7646231672362416,0.3542392857142838,133.0333164092956,7836.504091910815,0.0,0.0,0.0,0.0
2016-11-20,77.16151109271705,53.886958820837314,65.52423495677718,0.8668217284081654,0.6240246913580246,108.66964469744026,7945.173736608255,0.0,0.0,0.0,0.0
2016-11-27,77.35063641872587,52.05551378695781,64.70307510284184,0.23735846016214,0.1434409005628499,102.92152571989288,8048.095262328148,0.0,0.0,0.0,0.0
2016-12-04,79.29112706898016,60.56061249468962,69.92586978183489,7.64180171407272,2.601613861386138,139.48108847284428,8187.576350800992,0.0,0.0,3.0,0.0
2016-12-11,75.56650983160576,58.39332405098204,66.9799169412939,38.29006388320847,18.68582119205298,118.85941858905726,8306.43576939005,0.0,0.0,6.0,0.0
2016-12-18,79.5418340465985,60.07323787548546,69.80753596104198,8.521548878812755,3.580737391304346,138.65275172729383,8445.088521117344,0.0,0.0,2.0,0.0
2016-12-25,77.13463080516847,59.29941879748354,68.217024801326,9.182594701420172,4.621647469458988,127.519173609282,8572.607694726627,0.0,0.0,2.0,0.0
2017-01-01,77.45685243403746,56.05227540658509,66.75456392031127,8.045504164566552,4.344487895716944,117.2819474421789,117.2819474421789,0.0,0.0,2.0,0.0
2017-01-08,75.71024248487176,54.06766667946567,64.88895458216872,43.4819898618157,16.939350253807106,104.60255220505113,221.88449964723003,0.0,0.0,6.0,0.0
2017-01-15,73.56008053860934,52.23470781507964,62.897394176844486,2.453863887756094,0.8215241502683346,90.28175923791142,312.1662588851415,0.0,0.0,0.0,0.0
2017-01-22,80.25230363465401,59.69258414541434,69.97244389003417,13.869924096773332,9.19453403141361,139.80710723023924,451.9733661153807,0.0,0.0,3.0,0.0
2017-01-29,72.54129439805581,51.70797771660466,62.124636057330235,20.72595038842316,15.734226475279106,84.87245240131165,536.8458185166924,0.0,0.0,2.0,0.0
2017-02-05,73.09877401739097,48.50969793608572,60.80423597673835,2.792164220738505,2.7245611510791363,75.6296518371684,612.4754703538607,0.0,0.0,1.0,0.0
2017-02-12,78.76053443409084,55.20653710348459,66.98353576878772,14.995898532234387,13.167098228663445,118.88475038151401,731.3602207353747,0.0,0.0,2.0,0.0
2017-02-19,78.14274388076136,53.78105748049227,65.96190068062681,3.8918257715806206,1.886535460992906,111.73330476438771,843.0935254997624,0.0,0.0,2.0,0.0
2017-02-26,79.04602577349544,58.89763358937318,68.97182968143431,29.11752852487795,18.891402889245587,132.8028077700402,975.8963332698027,0.0,0.0,3.0,0.0
2017-03-05,79.70399266430617,58.67644949608856,69.19022108019736,5.722727526790556,1.6630223752151454,134.33154756138157,1110.2278808311842,0.0,0.0,3.0,0.0
2017-03-12,79.65155616456819,58.61701229852799,69.1342842315481,2.0474754690115446,1.1263407155025549,133.93998962083666,1244.167870452021,0.0,0.0,1.0,0.0
2017-03-19,71.4915202288338,48.17963192332646,59.83557607608014,17.923475077177546,13.667772151898737,68.84903253256094,1313.0169029845817,0.0,0.0,2.0,0.0
2017-03-26,80.57895888662473,57.05528110388479,68.81711999525476,7.892243689462923,4.6751875,131.71983996678333,1444.7367429513652,0.0,0.0,2.0,0.0
2017-04-02,84.89595653541951,61.47380227711076,73.18487940626514,2.7641279744500555,1.6936174496644274,162.29415584385598,1607.0308987952212,0.0,0.0,1.0,0.0
2017-04-09,82.43680413832332,60.12622845585029,71.28151629708681,43.384111239676386,18.953585326953743,148.97061407960769,1756.001512874829,0.0,0.0,5.0,0.0
2017-04-16,82.46911015174568,60.86865150269385,71.66888082721977,3.061571568995761,2.165942122186495,151.68216579053836,1907.683678665367,0.0,0.0,1.0,0.0
2017-04-23,84.29181308906662,63.86399433777682,74.07790371342172,9.878252016667847,7.991637820512821,168.54532599395205,2076.2290046593193,0.0,0.0,1.0,0.0
2017-04-30,86.12656916946354,65.70810997145193,75.91733957045774,9.622218930137311,9.134078125,181.42137699320415,2257.6503816525233,0.0,1.0,1.0,0.0
2017-05-07,84.96760880873292,63.540533092617295,74.2540709506751,27.28776790822699,9.942175757575756,169.77849665472573,2427.4288783072493,0.0,0.0,6.0,0.0
2017-05-14,88.2379260569996,63.687376303765525,75.96265118038255,10.637317470149586,7.117990566037734,181.73855826267788,2609.167436569927,0.0,1.0,2.0,0.0
2017-05-21,89.75810032008155,70.34480760222147,80.05145396115151,18.54249490117676,9.300882352941176,210.3601777280606,2819.5276142979874,0.0,3.0,4.0,0.0
2017-05-28,88.63054542731031,68.60969214898394,78.62011878814712,38.460069731715585,16.85066765140325,200.3408315170299,3019.8684458150174,0.0,1.0,5.0,0.0
2017-06-04,89.89154828294032,72.56158593620582,81.22656710957305,41.22478073608794,15.425330261136711,218.58596976701148,3238.454415582029,0.0,4.0,5.0,0.0
2017-06-11,85.66022639860144,71.90288414075546,78.78155526967844,129.92939742924094,50.46171130952381,201.47088688774915,3439.925302469778,0.0,0.0,7.0,0.0
2017-06-18,88.08030429212359,72.99007011492867,80.53518720352612,71.56918637368435,12.812241590214066,213.74631042468292,3653.671612894461,0.0,0.0,7.0,0.0
2017-06-25,89.65717436202613,75.61055179377179,82.63386307789895,50.213343415920775,13.243628959276016,228.4370415452927,3882.1086544397535,0.0,4.0,6.0,0.0
2017-07-02,90.97210537713902,75.0209924426055,82.99654890987226,55.65347094806426,12.534381240544628,230.9758423691059,4113.0844968088595,0.0,6.0,7.0,0.0
2017-07-09,92.64840404067427,75.22136278757638,83.93488341412534,23.274197239444998,8.04889827856025,237.54418389887735,4350.628680707737,0.0,7.0,7.0,0.0
2017-07-16,90.99376735333854,74.75072007670254,82.87224371502053,53.483024211803205,13.465495412844035,230.10570600514376,4580.734386712881,0.0,7.0,7.0,0.0
2017-07-23,90.57491304003841,74.53248462684287,82.55369883344063,62.871837438904414,10.327980830670924,227.87589183408448,4808.610278546965,0.0,6.0,7.0,0.0
2017-07-30,92.01828468382105,76.2389707587027,84.12862772126186,28.808121277866356,8.944229199372057,238.9003940488331,5047.5106725957985,0.0,6.0,7.0,0.0
2017-08-06,89.66561695985676,74.49973727539312,82.08267711762494,78.27062890005566,20.626605873261205,224.57873982337458,5272.089412419173,0.0,3.0,7.0,0.0
2017-08-13,92.02516651522077,76.04170207769637,84.03343429645857,39.51755556540851,9.334499999999998,238.23404007520998,5510.323452494383,0.0,7.0,7.0,0.0
2017-08-20,93.01483521392319,76.02222330211781,84.51852925802051,37.927047223209726,8.005261744966441,241.62970480614348,5751.953157300526,0.0,7.0,7.0,0.0
2017-08-27,90.3654990272149,75.35684043759514,82.861169732405,63.912517814753386,16.166306249999998,230.02818812683506,5981.981345427362,0.0,4.0,7.0,0.0
2017-09-03,90.48701476097422,74.76431016469353,82.62566246283386,69.59498260743044,14.819923076923075,228.37963723983708,6210.360982667198,0.0,4.0,7.0,0.0
2017-09-10,88.5070836953564,73.63307867272411,81.07008118404026,68.21763776707303,40.81905742574257,217.4905682882818,6427.85155095548,0.0,2.0,7.0,0.0
2017-09-17,88.10505164738868,72.7429556281839,80.4240036377863,159.1195578931757,142.58911255411255,212.96802546450408,6640.8195764199845,0.0,3.0,6.0,0.0
2017-09-24,89.84506432574874,73.04050123275273,81.44278277925073,19.26996944704706,4.784094276094274,220.09947945475517,6860.91905587474,0.0,2.0,6.0,0.0
2017-10-01,89.91957812817266,73.14334358033851,81.53146085425558,34.54426314442246,13.186096185737975,220.72022597978912,7081.639281854528,0.0,4.0,6.0,0.0
2017-10-08,86.69855576884916,73.96207224969366,80.33031400927142,57.45616900125095,19.32738933764136,212.31219806489992,7293.9514799194285,0.0,0.0,7.0,0.0
2017-10-15,88.78864168224757,74.07316427848673,81.43090298036715,21.918479485629984,6.278358974358975,220.01632086257013,7513.967800781998,0.0,0.0,6.0,0.0
2017-10-22,85.61048173371474,70.10875568689825,77.85961871030648,22.593310410892254,7.842548589341692,195.01733097214543,7708.985131754144,0.0,0.0,7.0,0.0
2017-10-29,78.77030794926254,59.58535057839824,69.17782926383039,58.8633037623385,26.77630670926517,134.2448048468127,7843.2299366009565,0.0,0.0,5.0,0.0
2017-11-05,78.69773655050253,56.296569752180105,67.49715315134132,1.216481486363309,0.6888914473684188,122.4800720593892,7965.710008660346,0.0,0.0,0.0,0.0
2017-11-12,81.67540140240882,64.66784920356349,73.17162530298616,5.726688826340144,2.259219110378912,162.2013771209031,8127.911385781249,0.0,0.0,2.0,0.0
2017-11-19,77.95242355985896,58.91742162620433,68.43492259303164,10.810898618568114,4.7484236453201945,129.04445815122148,8256.95584393247,0.0,0.0,4.0,0.0
2017-11-26,76.28667624228436,57.603089382937746,66.94488281261106,36.11542275180689,14.181388157894736,118.61417968827737,8375.570023620749,0.0,0.0,4.0,0.0
2017-12-03,79.45482179832194,59.402800213541035,69.4288110059315,6.755704848308624,4.955895765472313,136.00167704152045,8511.571700662269,0.0,0.0,1.0,0.0
2017-12-10,74.22438563364035,55.995147540123035,65.10976658688169,35.354979340819916,19.82770324574961,105.76836610817182,8617.34006677044,0.0,0.0,5.0,0.0
2017-12-17,69.4669637938075,44.97697200637939,57.221967900093446,0.3482165696148647,0.1571355932203389,50.5537753006541,8667.893842071095,0.0,0.0,0.0,0.0
2017-12-24,79.90079063124753,60.5186675117889,70.20972907151823,2.4612036147827068,0.8578253706754514,141.4681035006275,8809.361945571722,0.0,0.0,0.0,0.0
2017-12-31,70.13050961986463,51.9542056695642,61.04235764471441,3.5036694283723957,1.235699145299144,77.29650351300087,8886.658449084724,0.0,0.0,2.0,0.0
2018-01-07,58.903970624730654,38.825902832186216,48.86493672845843,22.551283542962494,10.934984025559103,7.115743181414366,7.115743181414366,0.0,0.0,4.0,2.0
2018-01-14,72.06385695372215,54.1514318360148,63.10764439486848,21.426313570576582,5.521220657276994,91.75351076407935,98.86925394549371,0.0,0.0,5.0,0.0
2018-01-21,65.69542513190542,41.001094818374646,53.34825997514003,0.3534499174081162,0.1107508417508402,31.045997164392467,129.91525110988619,1.0,0.0,0.0,1.0
2018-01-28,74.61951636337447,56.02388610533706,65.32170123435577,12.194009705090679,5.086328903654484,107.25190864049038,237.16715975037656,0.0,0.0,3.0,0.0
2018-02-04,71.57268248544786,51.24925928237118,61.41097088390952,33.60988122099889,29.019214392803597,79.87679618736665,317.0439559377432,0.0,0.0,3.0,0.0
2018-02-11,78.95728583215895,60.69570692291127,69.82649637753511,25.85694024896177,13.125902883156296,138.78547464274578,455.829430580489,0.0,0.0,3.0,0.0
2018-02-18,80.84613670117922,62.779464763709385,71.8128007324443,16.098902604987384,12.792591133004926,152.6896051271101,608.5190357075991,0.0,0.0,3.0,0.0
2018-02-25,83.32749308841487,65.82619877390154,74.57684593115822,1.9933300872493396,0.4498188034188031,172.03792151810745,780.5569572257066,0.0,0.0,0.0,0.0
2018-03-04,80.86252915435061,58.95694657664358,69.90973786549709,4.5025730240232935,1.9538776167471796,139.3681650584797,919.9251222841863,0.0,0.0,2.0,0.0
2018-03-11,73.39746860866566,48.69206898230642,61.044768795486036,8.226808056989793,4.334880989180834,77.31338156840225,997.2385038525885,0.0,0.0,2.0,0.0
2018-03-18,74.37075880049201,46.91192832454848,60.641343562520255,5.904152000455054,3.677775316455695,74.48940493764175,1071.7279087902302,0.0,0.0,2.0,0.0
2018-03-25,77.12251198400229,53.37756829143177,65.25004013771704,29.332574188989582,12.991880690737831,106.75028096401925,1178.4781897542496,0.0,0.0,3.0,0.0
2018-04-01,79.98754529438634,60.48070212006472,70.23412370722552,6.389099209677173,2.292523274478329,141.6388659505787,1320.117055704828,0.0,0.0,3.0,0.0
2018-04-08,82.91799030859406,61.5871725589759,72.25258143378497,13.553561305341344,7.140346549192363,155.7680700364948,1475.885125741323,0.0,0.0,4.0,0.0
2018-04-15,82.39059452930135,62.14699859538074,72.26879656234105,49.27433143463459,20.21583358098068,155.88157593638732,1631.7667016777102,0.0,0.0,4.0,0.0
2018-04-22,81.78668834627446,58.0663882761144,69.92653831119443,17.815014968338787,13.759756302521009,139.485768178361,1771.2524698560712,0.0,0.0,2.0,0.0
2018-04-29,83.58945844379444,62.20783232099394,72.89864538239418,26.638139722524134,10.025551319648091,160.2905176767593,1931.5429875328305,0.0,0.0,4.0,0.0
2018-05-06,85.08396444013943,64.20600741222071,74.64498592618007,5.774899671350168,3.957173978819968,172.51490148326053,2104.057889016091,0.0,0.0,2.0,0.0
2018-05-13,87.21294394830203,65.3994692754827,76.30620661189235,9.677025136297612,6.314045662100456,184.1434462832465,2288.2013352993376,0.0,0.0,2.0,0.0
2018-05-20,83.99639804290699,69.72131244489366,76.85885524390032,123.7859588900861,25.291034379671157,188.0119867073023,2476.21332200664,0.0,0.0,7.0,0.0
2018-05-27,84.19742502297922,70.95950602788301,77.5784655254311,78.97223047799271,21.819201183431957,193.0492586780178,2669.2625806846577,0.0,0.0,7.0,0.0
2018-06-03,86.79759647831528,73.26658627685244,80.03209137758385,72.93852252737155,17.200161616161612,210.22463964308702,2879.4872203277446,0.0,1.0,7.0,0.0
2018-06-10,89.4238657554984,72.04419619725742,80.73403097637791,41.95039006894553,10.83160588235294,215.1382168346454,3094.62543716239,0.0,2.0,7.0,0.0
2018-06-17,89.37017589913161,72.3707547817373,80.87046534043445,43.96831263274422,7.409139092240117,216.09325738304116,3310.7186945454314,0.0,1.0,7.0,0.0
2018-06-24,92.13201193434936,75.00082281043862,83.56641737239399,31.31425069340999,9.134675477239352,234.96492160675785,3545.683616152189,0.0,7.0,7.0,0.0
2018-07-01,91.03184423512774,74.16757106117521,82.59970764815148,62.70707848245449,13.196282738095238,228.19795353706036,3773.8815696892493,0.0,5.0,7.0,0.0
2018-07-08,90.31657419404064,73.4230832679302,81.86982873098542,49.58664029124547,9.483432880844642,223.08880111689786,3996.9703708061475,0.0,4.0,7.0,0.0
2018-07-15,91.82149348582615,74.23973207189181,83.03061277885898,24.89197172515782,4.613189189189188,231.21428945201285,4228.18466025816,0.0,7.0,7.0,0.0
2018-07-22,91.73970520257676,76.20515774087941,83.97243147172809,41.62004232479997,8.511344615384616,237.8070203020966,4465.991680560257,0.0,7.0,7.0,0.0
2018-07-29,91.43808095259112,74.83769384319064,83.13788739789086,68.86882485680596,25.555617083946984,231.96521178523614,4697.956892345493,0.0,7.0,7.0,0.0
2018-08-05,89.89009373427182,74.84172753695832,82.36591063561507,67.3420137757129,14.559790251107827,226.5613744493055,4924.518266794798,0.0,3.0,7.0,0.0
2018-08-12,91.66182995756128,74.6908999336514,83.17636494560634,32.396196885127374,8.533775729646697,232.23455461924436,5156.752821414043,0.0,7.0,7.0,0.0
2018-08-19,91.30033843351224,74.72079801639374,83.01056822495299,37.94024387728858,10.7272921686747,231.07397757467095,5387.826798988714,0.0,7.0,7.0,0.0
2018-08-26,91.12596436822027,74.44119224152463,82.78357830487245,49.10660683552722,9.572149700598802,229.4850481341072,5617.311847122821,0.0,7.0,7.0,0.0
2018-09-02,89.9415758395382,74.22081223166664,82.08119403560242,49.60655563254858,12.4079738372093,224.568358249217,5841.880205372038,0.0,3.0,7.0,0.0
2018-09-09,88.48582655819607,74.2989145683447,81.39237056327038,57.55262880390936,16.983546897546894,219.7465939428927,6061.62679931493,0.0,0.0,7.0,0.0
2018-09-16,91.62319757828935,75.31217533461741,83.46768645645338,20.7839993051934,5.000767164179102,234.27380519517362,6295.900604510104,0.0,6.0,7.0,0.0
2018-09-23,91.86768146890049,75.1250854579598,83.49638346343013,21.781928301230188,4.982771513353115,234.47468424401094,6530.375288754115,0.0,7.0,7.0,0.0
2018-09-30,91.23245131464647,75.01454944418849,83.12350037941748,23.68393895542642,5.512277858176555,231.86450265592237,6762.2397914100375,0.0,7.0,7.0,0.0
2018-10-07,89.43704798292443,73.18381786830392,81.31043292561417,12.88692570187494,3.4535684523809524,219.17303047929917,6981.412821889337,0.0,1.0,6.0,0.0
2018-10-14,87.99149281212372,72.85330398689518,80.42239839950945,31.00971276477337,11.53478923766816,212.95678879656614,7194.369610685902,0.0,0.0,6.0,0.0
2018-10-21,89.24457570928452,71.95061636846825,80.59759603887639,4.299454316595,1.2724037854889572,214.1831722721347,7408.552782958038,0.0,3.0,1.0,0.0
2018-10-28,82.72390356942473,64.70166490730453,73.71278423836463,15.313389323483223,9.92270553064275,165.98948966855244,7574.54227262659,0.0,0.0,3.0,0.0
2018-11-04,81.87415600617837,60.36804393967897,71.12109997292866,16.817407262967954,10.488223201174742,147.84769981050067,7722.38997243709,0.0,0.0,3.0,0.0
2018-11-11,84.5357389461562,67.57296278067983,76.05435086341801,21.332198496575515,6.035070464767615,182.38045604392607,7904.770428481017,0.0,0.0,6.0,0.0
2018-11-18,78.25827932453596,59.15580204429371,68.70704068441485,23.462003021146987,10.719378917378917,130.94928479090387,8035.71971327192,0.0,0.0,4.0,0.0
2018-11-25,78.2428611985198,59.662428133091396,68.9526446658056,7.8969557938983685,2.2916624203821647,132.6685126606392,8168.38822593256,0.0,0.0,3.0,0.0
2018-12-02,73.22133339814924,52.82086813108058,63.02110076461491,25.525737012782397,11.9326846038864,91.14770535230437,8259.535931284865,0.0,0.0,4.0,0.0
2018-12-09,74.88387957729971,54.68730418313876,64.78559188021923,27.213996650892298,8.915286775631499,103.49914316153462,8363.0350744464,0.0,0.0,4.0,0.0
2018-12-16,69.8510063058651,52.045106637506755,60.94805647168592,59.90971179404455,36.03068926553672,76.63639530180149,8439.6714697482,0.0,0.0,4.0,0.0
2018-12-23,69.74216318018489,49.76359685994013,59.752880020062506,60.019371679110506,33.3048095909732,68.27016014043755,8507.941629888637,0.0,0.0,3.0,0.0
2018-12-30,76.4969407534439,58.97381123387745,67.73537599366067,14.254233065734903,8.830694316436253,124.14763195562465,8632.089261844263,0.0,0.0,3.0,0.0
2019-01-06,79.14989781559783,60.81229616013935,69.9810969878686,13.864204517277805,8.48850432276657,139.86767891508015,139.86767891508015,0.0,0.0,2.0,0.0
2019-01-13,73.40132027332506,50.13225570215047,61.76678798773776,0.7847519995152434,0.704097264437689,82.3675159141643,222.23519482924445,0.0,0.0,0.0,0.0
2019-01-20,70.08086425727751,47.852238355123646,58.966551306200586,12.029924030030815,11.06873163841808,62.765859143404086,285.00105397264855,0.0,0.0,1.0,0.0
2019-01-27,68.05112542638284,48.29709131020128,58.17410836829206,42.9595618674974,17.421474719101123,57.21875857804441,342.21981255069295,0.0,0.0,4.0,0.0
2019-02-03,67.40699940210703,49.30753538700211,58.35726739455457,45.079265887621816,35.0400427960057,58.500871761881996,400.7206843125749,0.0,0.0,4.0,0.0
2019-02-10,77.05821464309723,57.50748311469008,67.28284887889366,3.488752081309362,2.7426595744680844,120.97994215225559,521.7006264648305,0.0,0.0,1.0,0.0
2019-02-17,77.50329915780435,56.63402936222965,67.068664260017,21.400914086217814,12.113543018335683,119.48064982011903,641.1812762849495,0.0,0.0,4.0,0.0
2019-02-24,83.54626470063023,66.64845705207487,75.09736087635257,3.417680746103945,0.6726727828746162,175.6815261344679,816.8628024194174,0.0,0.0,0.0,0.0
2019-03-03,79.90941952759604,61.54777749613746,70.72859851186675,29.802811587873027,13.579592592592594,145.10018958306728,961.9629920024847,0.0,0.0,6.0,0.0
2019-03-10,75.36302042568384,53.045881181766696,64.20445080372527,11.689464073649859,8.560284875183552,99.43115562607684,1061.3941476285615,0.0,0.0,3.0,0.0
2019-03-17,80.86173907514919,63.37592218411756,72.11883062963338,5.321958578149749,2.4065622119815657,154.83181440743363,1216.2259620359953,0.0,0.0,2.0,0.0
2019-03-24,74.39626594062136,53.18745624431521,63.79186109246829,17.906823387172185,9.941277777777774,96.54302764727797,1312.768989683273,0.0,0.0,2.0,0.0
2019-03-31,79.28955874957418,57.598248883543626,68.4439038165589,9.499540612104218,4.818753753753754,129.10732671591228,1441.8763163991855,0.0,0.0,2.0,0.0
2019-04-07,80.4391116158484,61.46804757110903,70.95357959347872,26.255600862759724,9.388060869565216,146.67505715435104,1588.5513735535365,0.0,0.0,7.0,0.0
2019-04-14,85.13152438017187,67.30463788147782,76.21808113082486,16.193920483456075,8.09228125,183.5265679157739,1772.0779414693104,0.0,0.0,4.0,0.0
2019-04-21,82.51676672585486,59.80283781693572,71.1598022713953,30.979768289045275,16.36993714285714,148.11861589976706,1920.1965573690775,0.0,0.0,3.0,0.0
2019-04-28,83.53009580356944,59.41966754989049,71.47488167672995,6.890208652632493,4.532865185185184,150.32417173710968,2070.520729106187,0.0,0.0,2.0,0.0
2019-05-05,86.77685776063208,68.54846815201726,77.66266295632467,25.903472239407122,8.13553709198813,193.63864069427268,2264.15936980046,0.0,0.0,4.0,0.0
2019-05-12,88.08294384399689,70.11711610815136,79.10002997607413,36.97472602777604,15.340071633237825,203.70020983251888,2467.8595796329787,0.0,0.0,7.0,0.0
2019-05-19,86.94006130855446,67.461523392053,77.20079235030373,25.542931973018852,14.160050919377651,190.4055464521261,2658.265126085105,0.0,0.0,4.0,0.0
2019-05-26,90.10578433190237,69.49913498044123,79.8024596561718,1.7088523843576109,0.8928253012048178,208.6172175932026,2866.8823436783073,0.0,3.0,0.0,0.0
2019-06-02,92.83910297019429,72.033775512564,82.43643924137915,11.002162055627515,5.849559523809522,227.05507468965405,3093.9374183679615,0.0,7.0,3.0,0.0
2019-06-09,91.50132749834378,74.50505111568884,83.00318930701631,52.80920521507126,18.93625217391304,231.02232514911418,3324.959743517076,0.0,5.0,7.0,0.0
2019-06-16,89.20899788024583,72.64462078156883,80.92680933090733,77.64312217977108,24.72350140845071,216.4876653163513,3541.447408833427,0.0,2.0,7.0,0.0
2019-06-23,90.9131097213289,75.0561140729166,82.98461189712275,58.79962611503425,17.296789250353605,230.89228327985927,3772.339692113286,0.0,4.0,5.0,0.0
2019-06-30,92.89122132925934,74.50260747044354,83.69691439985142,24.75594993085783,10.05691678832117,235.87840079896003,4008.218092912246,0.0,5.0,6.0,0.0
2019-07-07,93.17058383905714,75.67204928646876,84.42131656276295,44.44534792958365,14.546498542274051,240.9492159393407,4249.167308851587,0.0,7.0,6.0,0.0
2019-07-14,90.5391265368263,74.94178562928575,82.74045608305603,61.665714942389684,14.32663372093023,229.18319258139218,4478.350501432979,0.0,5.0,6.0,0.0
2019-07-21,92.53356986090205,75.06359660538756,83.7985832331448,31.639973017877224,7.304952789699569,236.5900826320136,4714.940584064992,0.0,7.0,6.0,0.0
2019-07-28,89.94656718602197,73.39946651679601,81.67301685140899,67.23242600868758,16.682357142857143,221.71111795986292,4936.651702024856,0.0,3.0,7.0,0.0
2019-08-04,91.0073572269324,73.93431558880283,82.47083640786762,58.80022975778193,16.34125626740947,227.29585485507334,5163.947556879929,0.0,5.0,7.0,0.0
2019-08-11,91.73499834721054,75.92083484860014,83.82791659790533,52.74896494748664,9.874340974212034,236.79541618533733,5400.742973065267,0.0,7.0,7.0,0.0
2019-08-18,90.9727002542355,75.84653563441837,83.40961794432694,94.28718922016726,18.851450704225357,233.86732561028856,5634.610298675555,0.0,5.0,7.0,0.0
2019-08-25,91.05990363755761,75.738889567826,83.39939660269181,25.467255351338107,6.002342182890855,233.79577621884266,5868.4060748943975,0.0,7.0,7.0,0.0
2019-09-01,91.42452919041098,75.7595115554225,83.59202037291675,45.98958070906092,10.824776836158192,235.1441426104172,6103.550217504815,0.0,7.0,7.0,0.0
2019-09-08,91.99061816949079,75.77341768768841,83.8820179285896,35.09002068672253,15.60269868995633,237.17412550012722,6340.724343004942,0.0,6.0,4.0,0.0
2019-09-15,91.77084348549865,75.57163539060092,83.6712394380498,13.692252402915406,4.160217706821478,235.69867606634847,6576.423019071291,0.0,7.0,4.0,0.0
2019-09-22,90.05554137296748,73.05474431444699,81.55514284370723,10.898897507070435,2.704677279305354,220.88599990595063,6797.309018977241,0.0,3.0,5.0,0.0
2019-09-29,90.24328341283773,70.78144406079483,80.51236373681627,0.8109457729806786,0.3230217391304341,213.5865461577139,7010.895565134955,0.0,5.0,0.0,0.0
2019-10-06,90.06916038353653,72.52345864439364,81.29630951396508,6.786254558020177,2.251757037037036,219.07416659775558,7229.969731732711,0.0,5.0,3.0,0.0
2019-10-13,86.83809130705971,71.1738952077798,79.00599325741976,57.32380666118188,23.984857142857138,203.04195280193832,7433.011684534649,0.0,0.0,6.0,0.0
2019-10-20,85.45781608348004,70.1244057393065,77.79111091139328,54.650783505459174,30.73653276353276,194.53777637975293,7627.549460914402,0.0,0.0,7.0,0.0
2019-10-27,86.78699136772177,70.60771014841369,78.69735075806773,25.399478121141357,6.906692417739627,200.88145530647407,7828.430916220876,0.0,0.0,6.0,0.0
2019-11-03,85.29292607898287,68.48840163137257,76.89066385517772,13.59164094809101,4.669891970802918,188.23464698624403,8016.66556320712,0.0,0.0,6.0,0.0
2019-11-10,82.07296282052096,65.61048485946186,73.84172383999142,18.869296613788023,7.161597633136095,166.89206687993985,8183.55763008706,0.0,0.0,7.0,0.0
2019-11-17,73.96887986650768,56.54241454484982,65.25564720567876,21.9751507296032,13.620205714285715,106.78953043975125,8290.347160526811,0.0,0.0,4.0,0.0
2019-11-24,75.3321871882763,52.70363185996859,64.01790952412243,8.646843723658018,8.161317348377997,98.12536666885705,8388.472527195669,0.0,0.0,1.0,0.0
2019-12-01,78.0114058331209,54.15148869852822,66.08144726582456,0.8847744114264542,0.519194528875378,112.57013086077194,8501.04265805644,0.0,0.0,0.0,0.0
2019-12-08,71.95797933782173,48.208400202252854,60.083189770037286,2.4599328228318926,1.748982195845696,70.58232839026101,8571.6249864467,0.0,0.0,1.0,0.0
2019-12-15,77.57780440668259,59.607350621954104,68.59257751431834,32.37812547809283,13.206916073968705,130.1480426002284,8701.77302904693,0.0,0.0,5.0,0.0
2019-12-22,74.07206223799153,56.79123082011869,65.43164652905512,35.328742001325764,16.240147018030513,108.02152570338578,8809.794554750315,0.0,0.0,5.0,0.0
2019-12-29,75.6704211982697,62.230731950696075,68.95057657448288,60.37495978067167,38.4434730713246,132.65403602138022,8942.448590771695,0.0,0.0,5.0,0.0
2020-01-05,76.62734119415528,56.91360404557711,66.77047261986618,14.003045001399268,6.687808972503617,117.39330833906334,117.39330833906334,0.0,0.0,3.0,0.0
2020-01-12,74.92027050037731,54.335716583547146,64.62799354196223,3.7387358937388493,2.7250075872534123,102.3959547937356,219.78926313279894,0.0,0.0,1.0,0.0
2020-01-19,79.70421823595152,62.361064248302505,71.03264124212701,5.330583133208306,1.583097072419106,147.22848869488902,367.01775182768796,0.0,0.0,2.0,0.0
2020-01-26,67.36336297055377,45.47364689930139,56.41850493492758,7.463246382420475,4.588630952380952,47.847974260805124,414.8657260884931,0.0,0.0,2.0,0.0
2020-02-02,69.35816109802242,51.05064615403559,60.20440362602901,18.453318797536703,9.300700143472024,71.43082538220304,486.29655147069616,0.0,0.0,4.0,0.0
2020-02-09,75.12180703067754,51.53653033040109,63.32916868053932,22.350431313042286,18.41414535666218,93.30418076377518,579.6007322344713,0.0,0.0,3.0,0.0
2020-02-16,80.03175245511987,61.74238841446521,70.88707043479253,8.955637664586956,2.84668148148148,146.20949304354775,725.8102252780191,0.0,0.0,3.0,0.0
2020-02-23,76.88186129712072,57.843998662394256,67.3629299797575,12.184173447191592,5.708038518518518,121.54050985830246,847.3507351363215,0.0,0.0,3.0,0.0
2020-03-01,72.44897325689166,50.38112216972174,61.415047713306706,23.285668900848975,10.765337062937062,79.90533399314697,927.2560691294685,0.0,0.0,3.0,0.0
2020-03-08,78.03643294162997,56.85545052126662,67.4459417314483,6.349845002380245,2.564082962962962,122.12159212013805,1049.3776612496065,0.0,0.0,3.0,0.0
2020-03-15,80.9162557429405,59.8500759579545,70.38316585044751,1.1654922744264555,0.4923117647058805,142.68216095313252,1192.059822202739,0.0,0.0,0.0,0.0
2020-03-22,84.57995039047596,64.33304120756779,74.45649579902188,0.9769582438468359,0.5053814432989678,171.19547059315312,1363.2552927958923,0.0,0.0,0.0,0.0
2020-03-29,86.75824146974047,65.61967467209408,76.18895807091727,0.1656138163864314,0.060634643377001,183.32270649642092,1546.577999292313,0.0,0.0,0.0,0.0
2020-04-05,83.03143870014797,60.15547893150084,71.5934588158244,8.736938389877043,7.404083441981747,151.15421171077082,1697.7322110030839,0.0,0.0,1.0,0.0
2020-04-12,85.23662240583853,65.5598065850411,75.39821449543982,12.927136140214799,7.470766578249337,177.7875014680787,1875.5197124711626,0.0,0.0,2.0,0.0
2020-04-19,85.89669324896009,67.83908888106394,76.86789106501202,36.57316618850933,10.743006711409397,188.07523745508405,2063.5949499262465,0.0,0.0,7.0,0.0
2020-04-26,86.2601586322143,66.15857278104285,76.20936570662857,44.66797078609389,15.595254421768706,183.46555994640002,2247.0605098726464,0.0,0.0,5.0,0.0
2020-05-03,83.08028167904283,59.00405253569236,71.04216710736759,22.294499020974726,12.589212765957448,147.2951697515731,2394.3556796242196,0.0,0.0,3.0,0.0
2020-05-10,84.55198795258688,61.67835866319588,73.11517330789138,1.8554327762253973,1.540502824858755,161.80621315523967,2556.1618927794593,0.0,0.0,1.0,0.0
2020-05-17,85.18020398861567,65.54972161493617,75.36496280177593,20.858553820432714,7.88391910739191,177.5547396124315,2733.716632391891,0.0,0.0,5.0,0.0
2020-05-24,89.02803790254725,69.69606404591703,79.36205097423213,36.03880742125917,12.120934404283805,205.53435681962497,2939.250989211516,0.0,3.0,7.0,0.0
2020-05-31,88.01367363035311,72.25531861867896,80.13449612451605,93.66029769306691,26.14966666666666,210.94147287161226,3150.1924620831282,0.0,2.0,7.0,0.0
2020-06-07,86.45572834000244,73.07005272996402,79.76289053498321,111.08986989337275,38.86367546174142,208.34023374488257,3358.5326958280107,0.0,1.0,7.0,0.0
2020-06-14,89.56999670749359,73.94373200736523,81.75686435742941,56.44477919965461,18.33477150537634,222.29805050200582,3580.8307463300166,0.0,3.0,7.0,0.0
2020-06-21,89.04896139212399,70.56303875625606,79.80600007419002,31.632959425002557,10.606159559834936,208.6420005193302,3789.4727468493465,0.0,2.0,6.0,0.0
2020-06-28,93.09129890469562,75.051292392895,84.0712956487953,13.9986854976566,3.663863013698629,238.49906954156714,4027.971816390914,0.0,7.0,6.0,0.0
2020-07-05,92.93264492669842,75.10684947365982,84.01974720017913,33.01543197733825,12.34886216216216,238.13823040125382,4266.110046792168,0.0,7.0,6.0,0.0
2020-07-12,91.86335447151615,75.2583276549833,83.56084106324974,59.68775178429896,13.693666666666669,234.92588744274815,4501.035934234916,0.0,7.0,7.0,0.0
2020-07-19,92.28856638767033,74.81455295611548,83.55155967189292,41.94301698946295,10.756726027397258,234.86091770325038,4735.896851938166,0.0,7.0,7.0,0.0
2020-07-26,90.4748699089861,74.64947831644626,82.56217411271618,47.07643954655478,12.559978695073235,227.93521878901325,4963.83207072718,0.0,4.0,7.0,0.0
2020-08-02,91.59508330734036,75.31138165009884,83.45323247871958,42.794517673774095,12.958414438502675,234.17262735103714,5198.004698078216,0.0,7.0,7.0,0.0
2020-08-09,92.55231229411488,75.06089946880147,83.80660588145817,41.07383285639635,9.192703062583222,236.64624117020722,5434.650939248424,0.0,7.0,7.0,0.0
2020-08-16,92.46135057741571,75.47617560244635,83.96876308993103,43.59640790824893,8.182856020942406,237.78134162951724,5672.432280877941,0.0,7.0,7.0,0.0
2020-08-23,90.60254736930814,74.24040305789595,82.42147521360205,67.8751388230316,17.426983050847458,226.9503264952143,5899.382607373155,0.0,3.0,7.0,0.0
2020-08-30,91.73111494649827,77.47360878616405,84.60236186633117,41.718671607006456,11.814963364993217,242.21653306431807,6141.599140437474,0.0,7.0,6.0,0.0
2020-09-06,92.6878566608686,75.87943245547899,84.2836445581738,44.3976316876826,16.796589947089945,239.98551190721662,6381.58465234469,0.0,7.0,7.0,0.0
2020-09-13,89.23496171472199,74.63094923136656,81.93295547304426,81.06846858100302,24.04522119205298,223.5306883113099,6605.115340656,0.0,2.0,7.0,0.0
2020-09-20,87.6550332455386,75.32838857310024,81.49171090931942,77.67773920021739,22.296707482993195,220.44197636523594,6825.557317021236,0.0,0.0,7.0,0.0
2020-09-27,87.02857607695124,72.34367428181093,79.68612517938108,30.725732092251953,13.061304812834225,207.80287625566757,7033.360193276903,0.0,1.0,5.0,0.0
2020-10-04,84.20670485720764,67.91545843752577,76.06108164736669,64.41503865501718,16.762342036553523,182.4275715315669,7215.7877648084705,0.0,0.0,7.0,0.0
2020-10-11,87.92334607016538,74.07370069935733,80.99852338476136,28.78497696609042,8.49694635488308,216.9896636933295,7432.7774285017995,0.0,0.0,6.0,0.0
2020-10-18,87.5436569943549,69.92209766366001,78.73287732900747,10.183879620816406,3.226907356948228,201.1301413030522,7633.907569804852,0.0,0.0,3.0,0.0
2020-10-25,84.88894635546417,71.50165871742044,78.19530253644231,54.50657376585194,10.877296,197.36711775509613,7831.274687559948,0.0,0.0,7.0,0.0
2020-11-01,85.58650033740311,70.00241310392893,77.79445672066602,22.5293709930934,6.044779005524861,194.5611970446621,8025.83588460461,0.0,0.0,7.0,0.0
2020-11-08,80.16784721156624,63.68764880504038,71.92774800830331,23.33982240609307,9.934412398921832,153.49423605812316,8179.330120662734,0.0,0.0,4.0,0.0
2020-11-15,83.22149373059452,70.76078448466117,76.99113910762786,86.30772220808254,33.13653738910012,188.93797375339497,8368.26809441613,0.0,0.0,6.0,0.0
2020-11-22,78.5932997856677,61.21264284568671,69.90297131567719,11.157372045560583,5.224493112947659,139.3207992097404,8507.588893625869,0.0,0.0,4.0,0.0
2020-11-29,80.14479280099977,62.532727044197394,71.33875992259858,11.075709198697087,6.27502620689655,149.37131945819004,8656.96021308406,0.0,0.0,2.0,0.0
2020-12-06,71.31033630270231,50.06826188174757,60.68929909222494,12.402024409809433,6.497106901217862,74.82509364557461,8731.785306729633,0.0,0.0,3.0,0.0
2020-12-13,70.28921972280502,48.50006188579033,59.39464080429767,16.89813613156788,13.025624020887728,65.76248563008369,8797.547792359717,0.0,0.0,4.0,0.0
2020-12-20,72.21722298040761,52.347368074434776,62.28229552742119,14.388432449086816,9.05427357237716,85.97606869194834,8883.523861051666,0.0,0.0,3.0,0.0
2020-12-27,68.95540909827209,45.37299984417235,57.16420447122221,20.680238599167847,10.04295405405405,53.97810624679569,8937.501967298462,0.0,0.0,3.0,0.0
2021-01-03,76.60452589420952,58.48062317021125,67.5425745322104,12.969412410175606,5.585261455525607,122.79802172547274,122.79802172547274,0.0,0.0,3.0,0.0
2021-01-10,67.13515303274009,46.41678268429384,56.77596785851698,3.664381592150543,2.7666666666666666,47.86869312218757,170.6667148476603,0.0,0.0,1.0,0.0
2021-01-17,66.46053684046967,47.38211029092488,56.92132356569728,5.773292747300687,2.083481879194631,48.44926495988096,219.11597980754127,0.0,0.0,2.0,0.0
2021-01-24,72.05354392828778,49.3715447190009,60.712544323644345,3.3680723420135306,1.7871977715877438,74.9878102655104,294.10379007305164,0.0,0.0,2.0,0.0
2021-01-31,74.59358590363759,53.67328004388854,64.13343297376306,11.334619098771322,6.35465445026178,98.93403081634142,393.03782088939306,0.0,0.0,2.0,0.0
2021-02-07,68.17682911717203,46.58619484581828,57.38151198149516,29.321957288287145,17.7313828125,51.86097622459079,444.8987971139839,0.0,0.0,3.0,0.0
2021-02-14,78.66660111794462,62.04877690508015,70.35768901151239,38.3851417884655,19.49857486631016,142.5038230805867,587.4026201945705,0.0,0.0,6.0,0.0
2021-02-21,75.92420194302963,56.64672110104555,66.2854615220376,37.75031651718396,10.9821144343303,113.99823065426315,701.4008508488337,0.0,0.0,6.0,0.0
2021-02-28,80.50884331607277,58.541985342097355,69.52541432908507,4.243855991585167,2.3818807947019867,136.67790030359544,838.0787511524292,0.0,0.0,1.0,0.0
2021-03-07,76.21690799615915,56.84507078670952,66.53098939143433,20.311086297688913,8.42120580474934,115.71692574004035,953.7956768924695,0.0,0.0,4.0,0.0
2021-03-14,77.1421226775483,53.88018572831538,65.51115420293183,0.3165235688126442,0.215673525377229,108.57807942052287,1062.3737563129923,0.0,0.0,0.0,0.0
2021-03-21,79.10780346151319,59.28789684416968,69.19785015284144,7.620357342927066,4.155936591809775,134.38495106989004,1196.7587073828824,0.0,0.0,3.0,0.0
2021-03-28,81.64614353567434,61.85345176006645,71.7497976478704,4.291879829373273,2.284243430152144,152.24858353509273,1349.007290917975,0.0,0.0,1.0,0.0
2021-04-04,79.14994143372407,58.17773971357282,68.66384057364844,12.516619574363034,4.913910171730514,130.6468840155391,1479.6541749335142,0.0,0.0,4.0,0.0
2021-04-11,80.69138150482611,57.320622141857406,69.00600182334176,21.38542427370038,13.754877551020408,133.0420127633923,1612.6961876969065,0.0,0.0,3.0,0.0
2021-04-18,83.3854043959931,62.85467512491116,73.12003976045214,53.29284307324153,32.15256603773585,161.84027832316497,1774.5364660200714,0.0,0.0,5.0,0.0
2021-04-25,82.11046425883197,64.27364303908602,73.192053648959,36.9382118273703,12.93076030927835,162.34437554271298,1936.8808415627846,0.0,0.0,4.0,0.0
2021-05-02,86.28348794651995,65.96068121016329,76.12208457834163,3.653735379456651,1.9699727148703956,182.85459204839137,2119.7354336111757,0.0,0.0,1.0,0.0
2021-05-09,88.2756938231255,67.43149443775113,77.85359413043831,16.421041914708827,5.362902275769746,194.97515891306819,2314.710592524244,0.0,2.0,5.0,0.0
2021-05-16,85.76869203983551,66.37689669379552,76.07279436681551,17.348348478708363,6.170225201072386,182.5095605677086,2497.220153091953,0.0,0.0,5.0,0.0
2021-05-23,85.31169678167528,66.66598198562392,75.9888393836496,1.5721222297984805,0.775879781420765,181.92187568554718,2679.1420287775,0.0,0.0,0.0,0.0
2021-05-30,89.00240072321613,66.61789425709738,77.81014749015674,2.582325036646841,1.401014367816092,194.67103243109722,2873.813061208597,0.0,1.0,2.0,0.0
2021-06-06,88.5192316781544,70.51352175840621,79.5163767182803,33.26544628809123,8.076129117259553,206.61463702796215,3080.427698236559,0.0,1.0,7.0,0.0
2021-06-13,91.0089038138748,73.7262158403432,82.36755982710899,21.856492502208752,7.764397260273973,226.57291878976298,3307.0006170263223,0.0,7.0,6.0,0.0
2021-06-20,89.184865510312,73.26970078795462,81.2272831491333,70.62525445034332,16.657260700389102,218.59098204393314,3525.591599070255,0.0,1.0,7.0,0.0
2021-06-27,88.95393568012341,73.4942646974628,81.22410018879309,83.6086897148458,18.2452102425876,218.56870132155169,3744.160300391807,0.0,1.0,7.0,0.0
2021-07-04,87.97167241124883,73.50147051485816,80.73657146305348,69.9937240871877,15.395222222222223,215.15600024137444,3959.3163006331815,0.0,0.0,7.0,0.0
2021-07-11,88.96141251987713,74.0754106861901,81.51841160303361,87.95002968692381,30.658567674113005,220.62888122123525,4179.945181854417,0.0,2.0,7.0,0.0
2021-07-18,90.05544589026144,73.97852701560136,82.0169864529314,29.59455413200094,7.798690026954177,224.11890517051978,4404.064087024936,0.0,4.0,7.0,0.0
2021-07-25,91.64271237215927,75.20719019932808,83.42495128574367,44.22761020710801,10.355197260273972,233.97465900020575,4638.038746025142,0.0,7.0,7.0,0.0
2021-08-01,92.19534408928143,75.78576719529406,83.99055564228775,42.52095904145529,12.842226613965744,237.93388949601416,4875.972635521156,0.0,7.0,7.0,0.0
2021-08-08,90.03771298642407,74.83168315979866,82.43469807311136,85.97225342334407,24.408548969072164,227.04288651177956,5103.015522032936,0.0,4.0,7.0,0.0
2021-08-15,91.11271323488911,75.21738658399978,83.16504990944445,50.101031330714356,13.57109840425532,232.15534936611112,5335.170871399047,0.0,6.0,7.0,0.0
2021-08-22,91.972524327253,76.27407949995347,84.12330191360323,28.065704868438242,9.749589473684209,238.86311339522257,5574.03398479427,0.0,6.0,7.0,0.0
2021-08-29,90.77192923256736,75.46425055039414,83.11808989148075,40.41027563332791,9.626633821571238,231.82662924036524,5805.860614034635,0.0,5.0,7.0,0.0
2021-09-05,89.95205637519074,74.18588991222073,82.06897314370573,55.89358657612741,14.796529729729729,224.4828120059401,6030.343426040575,0.0,4.0,7.0,0.0
2021-09-12,89.83273801194926,73.87677376862537,81.85475589028731,43.39441375515198,15.116350923482848,222.9832912320112,6253.326717272586,0.0,2.0,7.0,0.0
2021-09-19,88.41514868235829,73.92094501471833,81.16804684853831,66.45922480993208,12.125193591455274,218.17632793976816,6471.503045212355,0.0,0.0,7.0,0.0
2021-09-26,88.13515338783152,71.55303568919014,79.84409453851083,44.534486329109995,11.55390243902439,208.90866176957582,6680.41170698193,0.0,0.0,7.0,0.0
2021-10-03,88.02315599569829,69.75093129205706,78.88704364387767,5.938405171678987,1.9713744855967077,202.20930550714374,6882.621012489074,0.0,0.0,2.0,0.0
2021-10-10,87.94038895208851,71.58400418443915,79.76219656826383,44.14873419710022,12.68061847389558,208.3353759778468,7090.9563884669205,0.0,0.0,7.0,0.0
2021-10-17,87.43225217584508,69.2530714228337,78.34266179933938,7.245962366521418,1.528141304347826,198.39863259537577,7289.355021062296,0.0,0.0,3.0,0.0
2021-10-24,84.7878806343821,65.85382828764912,75.32085446101561,6.071524967712228,3.264988571428572,177.24598122710927,7466.601002289406,0.0,0.0,2.0,0.0
2021-10-31,81.89378800202894,65.2252842916151,73.55953614682201,40.370302200387755,16.060513089005234,164.91675302775405,7631.51775531716,0.0,0.0,5.0,0.0
2021-11-07,75.68109315548445,58.72645122859246,67.20377219203846,62.85130629690213,41.58765461847389,120.42640534426921,7751.944160661429,0.0,0.0,4.0,0.0
2021-11-14,77.26059447510447,57.385629384088375,67.32311192959642,7.947667646002639,3.8704761904761904,121.26178350717497,7873.205944168604,0.0,0.0,2.0,0.0
2021-11-21,77.58563393351153,58.90740368827171,68.24651881089162,14.727348885479513,5.671548216644649,127.72563167624132,8000.931575844846,0.0,0.0,3.0,0.0
2021-11-28,73.18809224248805,52.1599847953312,62.67403851890963,7.937158792655824,6.422521857923496,88.71826963236741,8089.649845477213,0.0,0.0,2.0,0.0
2021-12-05,74.78484238080127,50.75903860762322,62.771940494212245,0.3979033371429953,0.3092022008253094,89.40358345948573,8179.053428936699,0.0,0.0,0.0,0.0
2021-12-12,80.22215381107992,61.34996677784521,70.78606029446256,8.881198882377548,3.750756032171582,145.50242206123795,8324.555850997936,0.0,0.0,2.0,0.0
2021-12-19,80.17711416524719,64.12522327528306,72.15116872026513,13.601497733303548,5.667142476697736,155.0581810418559,8479.614032039792,0.0,0.0,3.0,0.0
2021-12-26,73.71310513777102,53.5950243425954,63.654064740183216,26.47275393454126,16.33516445623342,95.57845318128253,8575.192485221074,0.0,0.0,3.0,0.0
2022-01-02,81.25229121421181,62.59405427246179,71.9231727433368,1.5830770384517376,0.6630436005625878,153.46220920335765,153.46220920335765,0.0,0.0,0.0,0.0
2022-01-09,74.94895777201812,53.696756485206706,64.32285712861241,5.0150606521796455,2.6778475689881733,100.25999990028686,253.7222091036445,0.0,0.0,2.0,0.0
2022-01-16,72.32010478678203,51.4654195183915,61.89276215258677,19.80211763114944,12.79784696569921,83.24933506810734,336.9715441717518,0.0,0.0,4.0,0.0
2022-01-23,67.60697038761177,46.93197899240579,57.26947469000878,17.123981640720615,8.743229551451186,50.88632283006146,387.8578670018133,0.0,0.0,3.0,0.0
2022-01-30,63.99718138521977,44.59065032400942,54.29391585461459,10.979424864393726,6.585575129533678,36.219436242237904,424.0773032440512,0.0,0.0,3.0,0.0
2022-02-06,73.1463526734807,50.96925810064496,62.057805387062835,9.757049644291296,4.787165289256198,84.40463770943987,508.48194095349106,0.0,0.0,4.0,0.0
2022-02-13,70.54681653965903,50.04734941125016,60.29708297545459,14.665488472314934,6.719062663185379,72.07958082818217,580.5615217816733,0.0,0.0,3.0,0.0
2022-02-20,75.58623502906212,53.788679794752355,64.68745741190725,6.156788333068023,2.5358246575342465,102.81220188335072,683.3737236650239,0.0,0.0,2.0,0.0
2022-02-27,81.84701414459796,60.53580219435422,71.19140816947609,0.3117483574478448,0.2167758620689655,148.3398571863326,831.7135808513566,0.0,0.0,0.0,0.0
2022-03-06,80.2617400740361,56.88426662953344,68.57300335178476,3.314141463445414,1.7694650537634409,130.01102346249337,961.72460431385,0.0,0.0,2.0,0.0
2022-03-13,80.89191999696517,61.246554915559095,71.06923745626213,64.38381710604014,18.246436363636363,147.48466219383494,1109.2092665076848,0.0,0.0,6.0,0.0
2022-03-20,80.65869867789317,59.82387397508877,70.24128632649096,36.81412449726986,20.26337579617834,141.6890042854368,1250.8982707931218,0.0,0.0,6.0,0.0
2022-03-27,79.93757603426657,59.464188406230434,69.70088222024849,23.218030215419446,12.835775749674056,137.90617554173946,1388.804446334861,0.0,0.0,3.0,0.0
2022-04-03,82.74174068309709,61.84240353557053,72.29207210933382,51.54228220429408,20.80888520408163,156.04450476533668,1544.8489511001978,0.0,0.0,4.0,0.0
2022-04-10,81.38999879005463,60.57401941479056,70.98200910242261,21.322504088366657,9.826037037037036,146.87406371695823,1691.7230148171561,0.0,0.0,4.0,0.0
2022-04-17,83.47551344809905,62.98766958751984,73.23159151780945,9.702096689325964,2.662372469635628,162.6211406246661,1854.3441554418223,0.0,0.0,4.0,0.0
2022-04-24,82.98170119996335,63.623860582866534,73.30278089141494,11.20352322947499,9.091402359108782,163.1194662399046,2017.4636216817269,0.0,0.0,1.0,0.0
2022-05-01,84.8969556251996,65.7109728381708,75.3039642316852,22.08946212059216,8.315876033057851,177.12774962179643,2194.5913713035234,0.0,0.0,4.0,0.0
2022-05-08,88.12170688871149,68.28368043040628,78.20269365955889,22.141813174069238,6.857999999999999,197.41885561691214,2392.0102269204353,0.0,0.0,6.0,0.0
2022-05-15,85.36037169381775,64.12281948392297,74.74159558887037,8.414135906279224,4.072248985115021,173.19116912209253,2565.201396042528,0.0,0.0,3.0,0.0
2022-05-22,89.51263181145758,70.26957050085892,79.89110115615826,38.76136614939458,15.317713907284766,209.2377080931078,2774.4391041356357,0.0,2.0,6.0,0.0
2022-05-29,88.74573612259032,71.52796589585608,80.1368510092232,30.444524771299005,6.747641379310345,210.9579570645624,2985.397061200198,0.0,0.0,7.0,0.0
2022-06-05,88.11609933828605,70.03840306955358,79.0772512039198,75.08070348093393,33.83676455026455,203.54075842743862,3188.9378196276366,0.0,0.0,7.0,0.0
2022-06-12,90.03918077795801,72.55389827939202,81.29653952867501,53.767146189947056,13.041376,219.07577670072504,3408.013596328362,0.0,4.0,7.0,0.0
2022-06-19,92.98383871367787,74.91608814544156,83.94996342955972,18.09615365035868,4.488465240641712,237.649744006918,3645.66334033528,0.0,7.0,6.0,0.0
2022-06-26,92.20096203263454,73.51919306607168,82.86007754935312,30.452433892303098,10.45942819843342,230.02054284547177,3875.6838831807518,0.0,7.0,5.0,0.0
2022-07-03,90.97087551406368,74.51138721083704,82.74113136245036,49.19683977408707,10.538290666666668,229.18791953715254,4104.871802717904,0.0,7.0,7.0,0.0
2022-07-10,92.53088554210515,75.95846158161912,84.24467356186213,39.90128893435186,8.546005471956224,239.71271493303496,4344.584517650939,0.0,7.0,7.0,0.0
2022-07-17,91.40083458014185,74.66147304698752,83.03115381356467,61.97949512828996,13.691589610389611,231.2180766949528,4575.8025943458915,0.0,6.0,7.0,0.0
2022-07-24,91.90064021560042,75.50440491392581,83.7025225647631,45.53764207391808,8.511536617842875,235.91765795334177,4811.720252299234,0.0,7.0,7.0,0.0
2022-07-31,92.16872687823502,75.1337651179656,83.65124599810031,27.827970202776804,12.866885676741129,235.5587219867022,5047.278974285936,0.0,7.0,6.0,0.0
2022-08-07,92.60721331874852,75.07412895836612,83.84067113855733,26.297459610673947,7.823133069828722,236.8846979699012,5284.163672255837,0.0,7.0,6.0,0.0
2022-08-14,90.8327506891142,75.00558712153335,82.91916890532379,37.22839338462198,7.379601070950469,230.43418233726646,5514.597854593104,0.0,7.0,7.0,0.0
2022-08-21,92.41717626434897,74.69058608844999,83.55388117639947,39.110161987569,12.536333333333332,234.87716823479633,5749.4750228279,0.0,7.0,7.0,0.0
2022-08-28,91.73463457707147,75.56157391559859,83.64810424633502,61.031662413845396,12.150436363636365,235.5367297243452,5985.011752552245,0.0,7.0,7.0,0.0
2022-09-04,91.30137016333002,74.9949108247741,83.14814049405206,55.93028207146935,15.561778071334215,232.03698345836438,6217.048736010609,0.0,7.0,7.0,0.0
2022-09-11,90.86785489458227,74.50090387393276,82.68437938425753,61.770360634847094,22.155611528822053,228.79065568980258,6445.839391700412,0.0,4.0,7.0,0.0
2022-09-18,89.15454490029153,72.4722658414134,80.81340537085246,73.66623496874433,16.67521681997372,215.69383759596724,6661.533229296379,0.0,2.0,7.0,0.0
2022-09-25,90.19053434382501,72.76488661806691,81.47771048094594,22.86943602214688,4.56203247631935,220.3439733666217,6881.877202663001,0.0,4.0,7.0,0.0
2022-10-02,83.92400140735838,67.60493288695554,75.76446714715696,129.20386099360016,64.61347338935573,180.35127003009868,7062.228472693099,0.0,1.0,5.0,0.0
2022-10-09,84.77022068589233,63.49230498422706,74.1312628350597,1.26854733633645,1.076342541436464,168.91883984541786,7231.147312538517,0.0,0.0,1.0,0.0
2022-10-16,86.83326182172334,68.62334951869835,77.72830567021084,22.17860240560404,6.373090909090909,194.09813969147592,7425.245452229993,0.0,0.0,6.0,0.0
2022-10-23,78.93130580162283,57.526739951182336,68.2290228764026,9.053524957730767,4.932134540750323,127.60316013481813,7552.848612364812,0.0,0.0,3.0,0.0
2022-10-30,83.52707840794616,64.25710590822375,73.89209215808496,10.74500924092506,4.043002666666666,167.24464510659467,7720.093257471406,0.0,0.0,4.0,0.0
2022-11-06,85.77450219809188,67.99798477856427,76.88624348832808,10.838855696917827,4.292192513368985,188.20370441829652,7908.296961889702,0.0,0.0,4.0,0.0
2022-11-13,81.46287981155618,66.51624634551283,73.9895630785345,73.09495535982188,37.53425755584756,167.92694154974154,8076.223903439444,0.0,0.0,7.0,0.0
2022-11-20,74.00178907933852,56.84949965672037,65.42564436802944,6.668829264217162,2.996356846473029,107.97951057620611,8184.20341401565,0.0,0.0,2.0,0.0
2022-11-27,78.79421418492022,64.26490656990258,71.5295603774114,26.730532748787038,13.294658823529412,150.70692264187983,8334.910336657531,0.0,0.0,4.0,0.0
2022-12-04,80.12430386371364,60.316695817477985,70.2204998405958,8.292702972446376,4.64764569961489,141.54349888417067,8476.4538355417,0.0,0.0,3.0,0.0
2022-12-11,79.78101721065026,61.30327053883753,70.5421438747439,0.6385994568528676,0.2714211248285322,143.79500712320726,8620.248842664909,0.0,0.0,0.0,0.0
2022-12-18,74.45709060590984,57.23670798622091,65.84689929606537,30.422338149718016,13.575839378238342,110.92829507245762,8731.177137737366,0.0,0.0,4.0,0.0
2022-12-25,65.07628588290504,47.02253774663128,56.04941181476816,15.279933298768528,10.18713256113256,56.725418752621195,8787.902556489988,0.0,0.0,3.0,1.0
2023-01-01,70.83834345726788,49.81954368352043,60.328943570394166,8.181525953732816,4.077739251040222,78.85184741700155,78.85184741700155,0.0,0.0,3.0,1.0
2023-01-08,78.03932440613754,56.683754797070094,67.36153960160381,9.090060672137037,5.193657587548638,121.53077721122668,200.38262462822823,0.0,0.0,3.0,0.0
2023-01-15,71.0518999357619,46.38063790699517,58.71626892137853,10.00449576211625,7.094471354166666,63.66513002854909,264.04775465677733,0.0,0.0,2.0,0.0
2023-01-22,75.54743617043748,51.130365596531014,63.33890088348425,7.147368121629782,5.699337801608579,93.37230618438976,357.42006084116707,0.0,0.0,1.0,0.0
2023-01-29,73.4866704656038,53.152469216810296,63.31956984120705,16.103653952640546,7.095730718954249,93.23698888844935,450.6570497296164,0.0,0.0,3.0,0.0
2023-02-05,79.62260115563903,59.211115114025276,69.41685813483215,15.453590968584322,7.4467713125845725,135.91800694382508,586.5750566734415,0.0,0.0,4.0,0.0
2023-02-12,78.04847999151698,58.572456687614086,68.31046833956553,27.386970496186812,9.729658210947932,128.17327837695876,714.7483350504003,0.0,0.0,4.0,0.0
2023-02-19,77.41939337803487,53.38951620527204,65.40445479165345,1.8625606868426963,1.14688948069241,107.83118354157413,822.5795185919744,0.0,0.0,1.0,0.0
2023-02-26,83.81325176733277,62.291371684622966,73.05231172597787,0.080573199826576,0.0152677595628415,161.36618208184507,983.9457006738195,0.0,0.0,0.0,0.0
2023-03-05,84.7664065864732,63.30934544453105,74.03787601550212,2.0270479247997844,1.1714328358208956,168.26513210851482,1152.2108327823344,0.0,0.0,1.0,0.0
2023-03-12,83.33102605054535,61.36763602849643,72.34933103952089,5.4959976629850225,3.108333333333333,156.44531727664622,1308.6561500589805,0.0,0.0,1.0,0.0
2023-03-19,76.6880380725814,53.98265745127064,65.33534776192603,26.96699338211899,12.20404743083004,107.34743433348217,1416.0035843924627,0.0,0.0,4.0,0.0
2023-03-26,79.94941192017973,57.02443983142103,68.48692587580038,2.828405393111611,1.868095497953615,129.40848113060264,1545.4120655230654,0.0,0.0,1.0,0.0
2023-04-02,84.49201503270557,64.33228653966464,74.4121507861851,13.344347302972853,5.413606905710491,170.8850555032957,1716.297121026361,0.0,0.0,4.0,0.0
2023-04-09,85.58056748006251,66.54104195366308,76.06080471686279,7.630702828059633,4.32000790513834,182.42563301803955,1898.7227540444005,0.0,0.0,2.0,0.0
2023-04-16,82.09914548609405,65.02425577822079,73.56170063215743,44.765980712392256,13.254917197452228,164.93190442510195,2063.6546584695025,0.0,0.0,7.0,0.0
2023-04-23,83.7500363896206,60.905173718982745,72.32760505430167,24.812571318019906,16.073337531486146,156.2932353801117,2219.947893849614,0.0,0.0,4.0,0.0
2023-04-30,84.86037043090819,66.46595343613255,75.66316193352039,50.707842522161116,15.5323216957606,179.6421335346426,2399.5900273842567,0.0,0.0,7.0,0.0
2023-05-07,84.58879531028785,62.532652166236126,73.560723738262,5.330384617172016,2.94089156626506,164.9250661678339,2564.5150935520905,0.0,0.0,2.0,0.0
2023-05-14,87.9616856391099,68.10189534713966,78.03179049312477,11.38420864564376,4.627498659517426,196.2225334518735,2760.737627003964,0.0,0.0,5.0,0.0
2023-05-21,88.89846753560411,69.59516371856176,79.24681562708294,22.06512590143664,4.852323014804845,204.72770938958055,2965.465336393545,0.0,0.0,7.0,0.0
2023-05-28,85.43663073434509,67.78267126646996,76.60965100040754,63.512535533410734,14.291082051282052,186.2675570028527,3151.7328933963972,0.0,0.0,6.0,0.0
2023-06-04,86.87062241463228,68.98615726290748,77.92838983876989,39.31875168344654,10.293032092426186,195.4987288713892,3347.231622267787,0.0,0.0,5.0,0.0
2023-06-11,88.64808991817142,70.58421038205277,79.61615015011209,30.8171100758042,6.167563492063492,207.31305105078468,3554.5446733185713,0.0,1.0,7.0,0.0
2023-06-18,91.5150337723597,72.84531710595742,82.18017543915856,64.27245493691004,22.089827541827542,225.26122807410988,3779.8059013926813,0.0,6.0,7.0,0.0
2023-06-25,90.23377401751996,72.50248370993559,81.36812886372776,85.30680765764222,16.145290575916228,219.57690204609438,3999.3828034387757,0.0,5.0,7.0,0.0
2023-07-02,93.12833650420104,74.88858627888864,84.00846139154484,19.914970531249732,5.544516304347826,238.05922974081386,4237.442033179589,0.0,7.0,7.0,0.0
2023-07-09,93.64749587031444,76.38626322088274,85.0168795455986,35.55064819209355,9.499465608465608,245.11815681919018,4482.56018999878,0.0,7.0,7.0,0.0
2023-07-16,92.53294479520802,76.3613353470687,84.44714007113836,51.69073056040318,10.36451948051948,241.12998049796857,4723.690170496749,0.0,7.0,7.0,0.0
2023-07-23,93.6422294957406,76.28679135029161,84.9645104230161,42.83801336963281,11.935333333333332,244.75157296111263,4968.441743457861,0.0,7.0,7.0,0.0
2023-07-30,92.62953925756516,75.49551441946558,84.06252683851537,48.167834092330274,11.037703504043126,238.4376878696075,5206.879431327468,0.0,7.0,7.0,0.0
2023-08-06,93.22733621352972,75.62724740791028,84.42729181072,48.08130687110138,9.54295287958115,240.99104267504003,5447.870474002509,0.0,7.0,7.0,0.0
2023-08-13,96.10973167477752,78.4667395457706,87.28823561027407,16.25848175212658,3.8659946879150064,261.01764927191846,5708.888123274427,0.0,7.0,7.0,0.0
2023-08-20,93.5247390355634,76.08570354536667,84.80522129046504,51.950316113360664,12.92225,243.63654903325528,5952.524672307682,0.0,7.0,7.0,0.0
2023-08-27,93.24911117592372,76.02293955457911,84.6360253652514,12.964955196299115,4.942389033942559,242.45217755675986,6194.976849864442,0.0,7.0,5.0,0.0
2023-09-03,90.97538726553698,76.17265275120326,83.57402000837011,78.06214287973494,28.688073107049608,235.01814005859083,6429.994989923032,0.0,5.0,7.0,0.0
2023-09-10,90.99776752123873,72.5814369804032,81.78960225082096,17.14951084298771,10.808420103092782,222.52721575574674,6652.52220567878,0.0,6.0,3.0,0.0
2023-09-17,91.85897239655085,74.70385449456604,83.28141344555844,33.334216218010766,7.245491480996067,232.96989411890914,6885.492099797689,0.0,7.0,7.0,0.0
2023-09-24,89.05124825366366,70.2694518257634,79.66035003971352,34.37283088117661,11.143287878787875,207.6224502779947,7093.114550075683,0.0,1.0,7.0,0.0
2023-10-01,87.7527709349881,72.7036377181441,80.2282043265661,70.19900391564752,15.280511392405062,211.59743028596267,7304.711980361646,0.0,0.0,7.0,0.0
2023-10-08,87.06835216616405,70.7385784358528,78.90346530100842,20.112118663637325,12.917997399219766,202.32425710705903,7507.036237468705,0.0,0.0,5.0,0.0
2023-10-15,84.08053144334511,68.83924079422779,76.45988611878646,47.15095345358975,27.498546125461253,185.21920283150519,7692.2554403002105,0.0,0.0,5.0,0.0
2023-10-22,80.00284327013021,58.52936997990976,69.26610662501999,0.4480808780542757,0.1186469798657718,134.8627463751399,7827.11818667535,0.0,0.0,0.0,0.0
2023-10-29,84.76114191200121,66.17980671332617,75.47047431266368,0.6994967428616428,0.28308655126498,178.2933201886458,8005.411506863996,0.0,0.0,0.0,0.0
2023-11-05,80.52792285628665,60.54358178984871,70.53575232306768,2.0529841215952227,0.5942450066577896,143.75026626147377,8149.16177312547,0.0,0.0,0.0,0.0
2023-11-12,83.31196218474709,61.62972653492448,72.47084435983578,4.227968716731041,2.482076015727392,157.29591051885046,8306.45768364432,0.0,0.0,2.0,0.0
2023-11-19,77.10725599532111,65.15618805800217,71.13172202666163,86.54163625736723,33.94351959544879,147.92205418663144,8454.379737830952,0.0,0.0,6.0,0.0
2023-11-26,76.86026569914763,60.67704623082305,68.76865596498534,9.864034671585113,4.037467966573816,131.3805917548974,8585.76032958585,0.0,0.0,4.0,0.0
2023-12-03,74.25744935173849,55.74894851824347,65.00319893499099,31.428329243944262,14.753138705416116,105.02239254493688,8690.782722130785,0.0,0.0,3.0,0.0
2023-12-10,75.33324984444086,55.405710718437554,65.3694802814392,6.325378077423016,4.060914979757085,107.5863619700744,8798.369084100861,0.0,0.0,2.0,0.0
2023-12-17,70.89872017576613,56.740425703047734,63.81957293940694,86.9292780113033,67.26191262135923,96.73701057584856,8895.106094676708,0.0,0.0,5.0,0.0
2023-12-24,69.8116376849034,52.11653507954742,60.96408638222541,3.6156579988710296,1.6207296937416775,76.7486046755779,8971.854699352287,0.0,0.0,2.0,0.0
2023-12-31,68.58007319518426,53.120395900817584,60.85023454800092,21.400113806459345,8.671258760107817,75.95164183600647,9047.806341188294,0.0,0.0,4.0,0.0
2024-01-07,69.51386768154289,48.98623993304686,59.250053807294876,27.754528294450537,11.869090432503276,64.7503766510641,64.7503766510641,0.0,0.0,3.0,0.0
2024-01-14,70.97063652707794,52.805477495790406,61.88805701143417,33.64317982940611,15.47853913043478,83.2163990800392,147.9667757311033,0.0,0.0,6.0,0.0
2024-01-21,67.90984901969385,48.07286432669577,57.99135667319481,22.43840483153679,10.742842242503258,56.29201469797516,204.25879042907846,0.0,0.0,4.0,0.0
2024-01-28,76.29093886255848,60.146019709432274,68.21847928599537,8.261032822023108,3.2777281292059213,127.52935500196762,331.7881454310461,0.0,0.0,2.0,0.0
2024-02-04,70.00087518193722,46.984841242637565,58.49285821228739,3.1806416442035697,2.8045691275167783,59.450007486011714,391.2381529170578,0.0,0.0,1.0,0.0
2024-02-11,72.31557168682593,53.24349146572177,62.77953157627385,14.245745639703898,10.2810292249047,89.45672103391698,480.69487395097474,0.0,0.0,2.0,0.0
2024-02-18,73.72498784650121,54.99019244894559,64.3575901477234,32.85363185911312,24.32995744680851,100.50313103406378,581.1980049850386,0.0,0.0,4.0,0.0
2024-02-25,71.25053019266572,47.32764928423267,59.2890897384492,29.17263476751378,24.519624500665778,65.02362816914437,646.2216331541829,0.0,0.0,2.0,0.0
2024-03-03,78.08844883017574,57.75991216234381,67.92418049625977,7.181245347470751,4.235286295793758,125.4692634738184,771.6908966280014,0.0,0.0,2.0,0.0
2024-03-10,80.65573505170846,64.30045061103206,72.47809283137026,34.9928062929052,9.933685678073507,157.34664981959185,929.0375464475932,0.0,0.0,7.0,0.0
2024-03-17,80.86129779375726,59.15539158596902,70.00834468986314,1.40942275113333,0.6653578500707213,140.05841282904197,1069.095959276635,0.0,0.0,0.0,0.0
2024-03-24,77.29884056539376,57.094996161965675,67.19691836367971,35.41788707812395,17.03202053915276,120.378428545758,1189.474387822393,0.0,0.0,5.0,0.0
2024-03-31,79.74114921750608,59.85856820420655,69.79985871085631,15.896399452468378,8.682242744063325,138.5990109759942,1328.0733987983874,0.0,0.0,3.0,0.0
2024-04-07,79.90766417088368,58.322690003420455,69.11517708715208,19.417814494399057,16.893539999999998,133.8062396100645,1461.879638408452,0.0,0.0,2.0,0.0
2024-04-14,80.76985473969773,59.981260509620405,70.37555762465907,29.048906472324827,17.388016216216215,142.62890337261348,1604.5085417810653,0.0,0.0,3.0,0.0
2024-04-21,84.74643045974379,62.61074982338804,73.67859014156592,0.28480187083082653,0.2670709318497913,165.7501309909614,1770.2586727720268,0.0,0.0,0.0,0.0
2024-04-28,82.10862623194167,60.91976624896654,71.5141962404541,3.8661642077599487,2.479367741935484,150.59937368317873,1920.8580464552053,0.0,0.0,1.0,0.0
2024-05-05,86.26774150387021,67.23001385867295,76.74887768127158,12.777343943248088,5.806637215528782,187.2421437689011,2108.1001902241064,0.0,0.0,5.0,0.0
2024-05-12,89.41399802253629,70.24593002934448,79.82996402594038,11.476647896036159,6.122024590163934,208.80974818158268,2316.909938405689,0.0,2.0,3.0,0.0
2024-05-19,89.56664780724806,72.52768470472283,81.04716625598545,49.83656639945411,17.941636363636363,217.3301637918981,2534.2401021975875,0.0,4.0,7.0,0.0
2024-05-26,90.39232832394039,70.49949535342586,80.44591183868313,9.176751104764307,4.037001398601398,213.12138287078187,2747.3614850683693,0.0,3.0,3.0,0.0
2024-06-02,92.03059141617209,71.76006169515438,81.89532655566323,13.71787039999133,5.6797122708039485,223.2672858896426,2970.628770958012,0.0,5.0,4.0,0.0
2024-06-09,92.45221611092202,72.7810083873185,82.61661224912027,16.000482680424163,4.19014535666218,228.31628574384183,3198.9450567018534,0.0,6.0,6.0,0.0
2024-06-16,90.99022918186462,74.40719691342612,82.69871304764537,100.0317739315767,32.74237961783439,228.89099133351763,3427.8360480353713,0.0,5.0,7.0,0.0
2024-06-23,90.7279888280774,74.88022400962976,82.80410641885358,31.306765217784132,9.052180055401662,229.628744931975,3657.464792967346,0.0,5.0,6.0,0.0
2024-06-30,91.91035736024853,75.65141929678904,83.78088832851878,58.03663700299969,12.494898395721924,236.46621829963144,3893.9310112669777,0.0,7.0,7.0,0.0
2024-07-07,92.76146441910626,76.81684315054883,84.78915378482755,43.50719810618276,13.219560468140442,243.52407649379282,4137.455087760771,0.0,7.0,7.0,0.0
2024-07-14,92.76189235995398,76.46674243828204,84.61431739911801,38.14128913978031,11.092447368421052,242.30022179382607,4379.755309554596,0.0,7.0,7.0,0.0
2024-07-21,92.70602213713046,76.16761431453338,84.43681822583191,47.634814099961346,10.201986338797813,241.05772758082344,4620.81303713542,0.0,7.0,7.0,0.0
2024-07-28,92.56408386062789,76.36593126170236,84.46500756116514,52.45247508925244,9.103388499298736,241.25505292815586,4862.068090063576,0.0,7.0,7.0,0.0
2024-08-04,92.24318962410601,76.1747870626756,84.20898834339081,55.03850154559396,14.977194666666666,239.46291840373567,5101.531008467312,0.0,6.0,7.0,0.0
2024-08-11,92.24947477035793,77.75246938118504,85.00097207577149,107.7467490963192,66.31047211413748,245.0068045304004,5346.537812997712,0.0,6.0,7.0,0.0
2024-08-18,93.11114699612116,76.07429381545353,84.59272040578735,24.092120388637685,7.376035422343324,242.14904284051144,5588.686855838223,0.0,7.0,6.0,0.0
2024-08-25,91.43228004560281,74.87706003176292,83.15467003868287,48.60686936711836,12.072606770833334,232.08269027078012,5820.769546109003,0.0,7.0,7.0,0.0
2024-09-01,91.50747954434567,75.61430085358347,83.56089019896457,46.47034971058294,9.725623188405796,234.92623139275202,6055.695777501755,0.0,7.0,7.0,0.0
2024-09-08,90.23601712578686,76.12748777658688,83.18175245118687,83.32036302024038,21.41351948051948,232.27226715830813,6287.968044660063,0.0,4.0,7.0,0.0
2024-09-15,88.92119854834222,76.19095970187016,82.55607912510618,80.37941194907303,17.167997297297298,227.89255387574332,6515.860598535807,0.0,1.0,7.0,0.0
2024-09-22,90.0356288142474,73.6410502061452,81.83833951019629,26.938845945545413,8.601611260053618,222.86837657137409,6738.728975107181,0.0,5.0,7.0,0.0
2024-09-29,89.60394829008841,75.34144242616792,82.47269535812816,55.91530868230356,23.477728,227.30886750689717,6966.037842614078,0.0,3.0,6.0,0.0
2024-10-06,89.04247863122603,74.63897463966033,81.84072663544319,41.62199079717175,9.76218108108108,222.8850864481023,7188.922929062181,0.0,4.0,7.0,0.0
2024-10-13,83.1017120651235,69.19982677382993,76.1507694194767,156.56669771642964,93.26454261363637,183.055385936337,7371.978314998518,0.0,0.0,7.0,0.0
2024-10-20,81.53178399594053,63.2556855470992,72.39373477151987,1.76556708678199,0.5312535211267605,156.75614340063905,7528.734458399156,0.0,0.0,0.0,0.0
2024-10-27,85.09153400995554,65.43987657270894,75.26570529133222,4.489659302272571,1.8885850340136048,176.85993703932564,7705.594395438482,0.0,0.0,2.0,0.0
2024-11-03,84.42217873821086,68.39226632898354,76.40722253359719,6.641413929728983,2.366945054945055,184.85055773518036,7890.444953173663,0.0,0.0,3.0,0.0
2024-11-10,84.87361470088436,72.55099025093212,78.71230247590825,13.77836185773628,5.118066312997348,200.98611733135766,8091.43107050502,0.0,0.0,3.0,0.0
2024-11-17,82.02970890570053,65.5153883361312,73.77254862091586,8.398969718492046,4.171020519835841,166.40784034641104,8257.838910851431,0.0,0.0,3.0,0.0
2024-11-24,75.46023895556561,54.82591540158262,65.14307717857412,11.378887710518311,9.230005270092226,106.00154025001885,8363.84045110145,0.0,0.0,2.0,0.0
2024-12-01,76.07919138639684,52.63904374063093,64.35911756351389,2.6861325966550966,1.6094978962131836,100.51382294459725,8464.354274046047,0.0,0.0,1.0,0.0
2024-12-08,69.05684211814149,44.164900261205624,56.61087118967355,0.4700371881680027,0.2404247538677918,46.27609832771489,8510.630372373762,0.0,0.0,0.0,0.0
2024-12-15,75.1569679592868,54.15183186204497,64.65439991066589,10.496704957309682,4.177002688172042,102.58079937466121,8613.211171748424,0.0,0.0,3.0,0.0
2024-12-22,74.80337284985194,56.175032782192766,65.48920281602236,13.588855535420748,6.336965325936199,108.42441971215646,8721.63559146058,0.0,0.0,3.0,0.0
2024-12-29,72.76507632359555,57.241896777126996,65.00348655036127,17.219852993442693,9.328159189580315,105.0244058525289,8826.659997313109,0.0,0.0,2.0,0.0
2025-01-05,72.52627100734163,51.688246592113124,62.10725879972738,13.980026173241674,11.603165980795607,84.7508115980917,84.7508115980917,0.0,0.0,2.0,0.0
2025-01-12,64.64524431613623,41.91736263381966,53.281303474977946,6.685486426076902,3.626781333333333,25.527795223839057,110.27860682193077,0.0,0.0,2.0,0.0
2025-01-19,68.27847672070598,50.15542086103735,59.216948790871676,26.60268078703698,12.272866760168302,64.51864153610171,174.79724835803248,0.0,0.0,4.0,0.0
2025-01-26,59.33520026890881,40.71061134604751,50.02290580747815,34.15254416653856,19.505756427604872,11.886562661577983,186.68381101961046,0.0,0.0,5.0,0.0
2025-02-02,75.60125445609994,52.6262790414067,64.11376674875332,1.2399644355872301,0.9749170182841068,98.79636724127324,285.4801782608837,0.0,0.0,0.0,0.0
2025-02-09,80.87614230641081,60.62315797007337,70.7496501382421,0.3352668522684621,0.1690893371757925,145.2475509676947,430.7277292285784,0.0,0.0,0.0,0.0
2025-02-16,81.53757757172362,63.42142233194585,72.47949995183474,10.232389563017264,4.894922865013774,157.35649966284313,588.0842288914216,0.0,0.0,3.0,0.0
2025-02-23,71.04817497926236,50.58758026761303,60.817877623437695,16.42964345781152,7.834869325997249,75.72514336406385,663.8093722554854,0.0,0.0,3.0,0.0
2025-03-02,75.43477610940975,53.91778636781452,64.67628123861213,28.142338663571337,20.756853403141363,102.73396867028495,766.5433409257704,0.0,0.0,2.0,0.0
2025-03-09,76.48294728765636,53.34393927267877,64.91344328016757,13.05553266680641,6.25576231884058,104.39410296117296,870.9374438869434,0.0,0.0,3.0,0.0
2025-03-16,79.40038489988069,56.465773642003114,67.9330792709419,22.50122827632981,14.464744710860366,125.53155489659333,996.4689987835367,0.0,0.0,3.0,0.0
2025-03-23,76.55417442244507,49.15446898857199,62.85432170550853,8.002918824645649,6.966567243675099,89.98025193855972,1086.4492507220964,0.0,0.0,1.0,0.0
2025-03-30,81.74190134144294,60.79758014035199,71.26974074089746,11.279773428636823,5.71006111111111,148.88818518628221,1235.3374359083787,0.0,0.0,3.0,0.0
2025-04-06,86.31725185409918,69.11566751436867,77.71645968423393,21.55353305545402,15.659986824769431,194.01521778963746,1429.3526536980162,0.0,0.0,3.0,0.0
2025-04-13,80.47007575030484,58.68761651837264,69.57884613433873,16.56860538399389,6.244930412371134,137.05192294037116,1566.4045766383872,0.0,0.0,4.0,0.0
2025-04-20,83.36344394217018,58.9331752556954,71.14830959893278,0.0099342867245005,0.0049873772791023,148.0381671925295,1714.4427438309167,0.0,0.0,0.0,0.0
2025-04-27,86.05963344924558,65.27904559885617,75.66933952405088,0.5161565659927144,0.3606439716312056,179.68537666835613,1894.1281204992729,0.0,0.0,0.0,0.0
2025-05-04,85.94828890009198,65.94332175946863,75.94580532978031,13.488666016465764,6.273904240766074,181.62063730846222,2075.7487578077353,0.0,0.0,3.0,0.0
2025-05-11,87.21707402237632,68.93836564133694,78.07771983185663,40.07436514990191,11.96371272229822,196.54403882299638,2272.2927966307316,0.0,0.0,7.0,0.0
2025-05-18,88.46924494862354,69.2879660081852,78.87860547840435,48.38742223245159,28.872759067357507,202.15023834883056,2474.443034979562,0.0,3.0,2.0,0.0
2025-05-25,91.89269372858197,71.39788349008566,81.6452886093338,6.8171170458526635,2.8500872011251754,221.51702026533673,2695.9600552448987,0.0,7.0,3.0,0.0
2025-06-01,90.4886103579295,72.22035869513147,81.3544845265305,45.94190573504088,10.559973082099596,219.48139168571342,2915.441446930612,0.0,5.0,7.0,0.0
2025-06-08,88.63234428261036,72.68255552231776,80.65744990246405,42.93666595787453,11.246,214.6021493172484,3130.0435962478605,0.0,3.0,6.0,0.0
2025-06-15,91.24466084244989,74.69742385887572,82.97104235066281,45.708349021788734,10.681997311827956,230.79729645463965,3360.8408927025002,0.0,7.0,7.0,0.0
2025-06-22,91.61878471332037,74.48688208673221,83.05283340002629,36.438237354623055,7.678853658536584,231.36983380018404,3592.2107265026843,0.0,7.0,7.0,0.0
2025-06-29,91.09666283787142,73.46138264113664,82.27902273950403,34.072214435120856,9.051090403337968,225.95315917652812,3818.1638856792124,0.0,6.0,7.0,0.0
2025-07-06,89.53510186990806,73.8581215950157,81.69661173246188,67.47830285137323,16.16635294117647,221.8762821272331,4040.0401678064454,0.0,1.0,7.0,0.0
2025-07-13,92.38536522914364,75.05504846394912,83.72020684654639,23.782967338029067,4.8203081232493,236.04144792582468,4276.08161573227,0.0,7.0,7.0,0.0
2025-07-20,92.11329581492389,75.72998530353956,83.92164055923172,52.13830238018644,15.455282522996058,237.4514839146221,4513.533099646892,0.0,7.0,6.0,0.0
2025-07-27,92.96506722274475,76.10519107825652,84.53512915050064,39.642501476413365,12.545391304347826,241.74590405350443,4755.279003700397,0.0,7.0,6.0,0.0
2025-08-03,94.75747851588189,77.39621606218245,86.07684728903216,23.28636105356947,5.74096918767507,252.53793102322516,5007.816934723622,0.0,7.0,7.0,0.0
2025-08-10,90.86887854667737,75.04328796294966,82.95608325481352,67.1998035687802,13.369916442048517,230.6925827836946,5238.509517507317,0.0,5.0,7.0,0.0
2025-08-17,92.68796946143394,76.67423705730764,84.6811032593708,38.55478000278765,10.30480996068152,242.76772281559553,5481.277240322912,0.0,7.0,7.0,0.0
2025-08-24,91.92170099199811,75.53189513672362,83.72679806436086,51.005518690526245,18.1458688085676,236.08758645052603,5717.364826773438,0.0,6.0,7.0,0.0
2025-08-31,90.51104729740436,73.88270812521124,82.1968777113078,46.29187620749559,11.239839572192512,225.37814397915463,5942.742970752593,0.0,5.0,7.0,0.0
2025-09-07,89.6364043484657,73.55898696580769,81.5976956571367,33.774268264118064,11.354072386058984,221.18386959995692,6163.926840352549,0.0,2.0,7.0,0.0
2025-09-14,88.34959374384347,71.46916076532817,79.90937725458582,52.95176787495613,12.839444295302012,209.36564078210074,6373.29248113465,0.0,0.0,7.0,0.0
2025-09-21,89.29511161745438,70.22003273304787,79.75757217525111,18.29787890085074,6.732196500672948,208.30300522675788,6581.595486361408,0.0,2.0,7.0,0.0
2025-09-28,90.22152547835961,73.0031772765188,81.6123513774392,32.387965858734475,7.228590163934426,221.28645964207442,6802.881946003483,0.0,5.0,7.0,0.0
2025-10-05,86.90527600002474,72.45192399255508,79.6785999962899,31.571819299948835,7.754182068965517,207.75019997402933,7010.632145977512,0.0,0.0,7.0,0.0
2025-10-12,85.28618637126712,71.20836283032617,78.24727460079664,49.63467558386401,16.274390710382512,197.7309222055765,7208.363068183088,0.0,0.0,6.0,0.0
2025-10-19,84.74008246699127,64.74112518900527,74.74060382799827,3.5693586711690104,2.425443804034582,173.1842267959879,7381.5472949790765,0.0,0.0,1.0,0.0
2025-10-26,84.45330615264461,64.64640132555088,74.54985373909776,10.260559527568951,6.539718194254446,171.84897617368426,7553.39627115276,0.0,0.0,2.0,0.0
2025-11-02,77.35162220192377,58.64613177474651,67.99887698833514,37.614430495388255,30.141333333333336,125.99213891834603,7679.388410071107,0.0,0.0,2.0,0.0
2025-11-09,80.96971008506932,60.585232437345795,70.77747126120757,1.678593185730737,0.662887240356083,145.44229882845292,7824.83070889956,0.0,0.0,0.0,0.0
2025-11-16,73.86625573614825,47.851435332479205,60.85884553431373,3.882427855133148,3.853038888888889,76.01191874019611,7900.842627639756,0.0,0.0,1.0,0.0
2025-11-23,82.01419102734496,58.27847600103519,70.14633351419008,0.1995471509238951,0.1411111111111111,141.02433459933053,8041.866962239086,0.0,0.0,0.0,0.0
2025-11-30,77.60972323136524,56.639635525325005,67.12467937834512,4.635892033005415,1.89403869047619,119.87275564841585,8161.739717887502,0.0,0.0,2.0,0.0
2025-12-07,75.97606062706745,58.66628868050734,67.3211746537874,25.964293300887284,9.499103351955306,121.24822257651178,8282.987940464014,0.0,0.0,7.0,0.0
2025-12-14,72.23501771914546,51.29795521563267,61.76648646738907,26.927366581746117,24.20630173564753,82.36540527172346,8365.353345735737,0.0,0.0,2.0,0.0
2025-12-21,74.59968904600036,52.70545864506493,63.65257384553264,4.2039515620238035,2.6093697478991595,95.56801691872855,8460.921362654466,0.0,0.0,1.0,0.0
2025-12-28,78.25173854638443,56.87053957899785,67.56113906269114,0.5580120955084664,0.3016484490398818,122.927973438838,8583.849336093304,0.0,0.0,0.0,0.0
2026-01-04,68.32499343573168,45.23540990655084,56.78020167114127,0.5524615829514614,0.413689349112426,22.40839833121713,22.40839833121713,0.0,0.0,0.0,0.0
